HSMV_Report_Number,Agency_Report_Number,Reporting_Agency,Form_Type,Crash_Date,Crash_Time,City,County,Crash_Street,Intersecting_Street,Offset_Distance,Offset_Direction,Crash_Type,Vehicles,Non_Motorists,Fatalities,Injuries,Alcohol_Related,Distraction_Related,Drug_Related,Estimated_Damages,Weather_Condition,Light_Condition,Street_Number,Crash_Type_Detailed,Crash_Type_Dir,Crash_Severity,Within_City_Limits,Manner_of_Collision,First_Harmful_Event,First_HE_Location,First_HE_Relation_to_Jct,First_HE_Within_Interchange,Type_of_Intersection,Road_Sys_Identifier,Type_of_Shoulder,Road_Surf_Cond,Contrib_Circum_Road1,Contrib_Circum_Road2,Contrib_Circum_Road3,Contrib_Circum_Env1,Contrib_Circum_Env2,Contrib_Circum_Env3,School_Bus_Related,Work_Zone_Related,Type_of_Work_Zone,Loc_in_Work_Zone,Workers_in_Work_Zone,Law_Enforcement_in_Work_Zone,Mopeds,Motorcycles,Passengers,Bicyclists,Pedestrians,Fatalities_Unrestrained,Injuries_Unrestrained,Possible_Injuries,Non_Incapacitating_Injuries,Incapacitating_Injuries,Fatalities_30_Days,Non_Traffic_Fatalities,Transported_by_EMS,Transported_by_Law_Enforcement,Transported_by_Other,Citations,Property_Dmg_Amt,Vehicle_Dmg_Amt,S4_Mapping,S4_Decimal_Degree_Longitude,S4_Decimal_Degree_Latitude,S4_Albers_X,S4_Albers_Y,S4_Mapping_Date,FID,ROADWAY,COLOR_CODE,DISTRICT,COUNTYDOT,COUNTY_2,MNG_DIST,BEGIN_POST,END_POST,Shape_Leng,Shape__Len
"88308940",FHPD20OFF020389,FHP,Long,03:07:20,08:21 PM,Orlando,Orange,INTERSTATE 4 (STATE ROAD 400),SR-535 (APOPKA VINELAND ROAD),"450",North,Rear End,"2","0","0","4",N,Y,N,"$3,800",Clear,Dark - Lighted,,Rear End,W,Injury,N,Front to Rear,Motor Vehicle in Transport,On Roadway,Non-Junction,N,Not at Intersection,Interstate,Paved,Dry,None,,,None,,,N,N,,,,,"0","0","3","0","0","0","0","2","0","2","0","0",$2,$0,"0","1","0","3800","Mapped, On Network",-81.5034379890981,28.3790768271881,644175.757907604,488366.421951985,3/24/2020 3:43:36 PM,,,,,,,,3.000000000000000,5.000000000000000,,
"88241346",FHPD20OFF022292,FHP,Long,03:14:20,03:34 AM,Orlando,Orange,INTERSTATE 4 (STATE ROAD 400),STATE ROAD 535 (APOPKA VINELAND ROAD,"400",West,Sideswipe,"2","0","0","2",N,N,N,"$3,500",Clear,Dark - Lighted,,Same Direction Sideswipe,W,Injury,N,"Sideswipe, Same Direction",Motor Vehicle in Transport,On Roadway,Non-Junction,N,Not at Intersection,Interstate,Paved,Dry,None,,,None,,,N,N,,,,,"0","0","1","0","0","0","0","0","2","0","0","0",$2,$0,"0","0","500","3000","Mapped, On Network",-81.5070273039417,28.3750436397097,643833.808094874,487911.498627854,3/24/2020 2:58:20 PM,,,,,,,,3.000000000000000,5.000000000000000,,
"88273766",FHPD20OFF014904,FHP,Long,02:20:20,06:20 AM,Orlando,Orange,INTERSTATE 4 (STATE ROAD 400),SR-528 (BEACHLINE EXPRESSWAY,"1056",West,Rear End,"2","0","0","0",N,N,N,"$1,000",Cloudy,Dawn,,Rear End,,Property Damage Only,N,Front to Rear,Motor Vehicle in Transport,On Roadway,Non-Junction,N,Not at Intersection,Interstate,Paved,Dry,None,,,None,,,N,N,,,,,"0","1","0","0","0","0","0","0","0","0","0","0",$0,$0,"0","0","0","1000","Mapped, On Network",-81.4740649102314,28.4139648865445,646968.827065491,492298.665748445,2/26/2020 9:03:14 PM,,,,,,,,3.000000000000000,5.000000000000000,,
"88263158",FHPD20OFF014019,FHP,Long,02:17:20,10:15 AM,Winter Park,Orange,INTERSTATE 4 (STATE ROAD 400),PAR STREET,"2640",North,Sideswipe,"2","0","0","0",N,N,N,$500,Cloudy,Daylight,,Same Direction Sideswipe,W,Property Damage Only,N,"Sideswipe, Same Direction",Motor Vehicle in Transport,On Roadway,Entrance/Exit Ramp,N,Not at Intersection,Interstate,Paved,Dry,None,,,None,,,N,N,,,,,"0","0","2","0","0","0","0","0","0","0","0","0",$0,$0,"0","0","0","500","Mapped, On Network",-81.5287314517493,28.3508630871044,641765.057505615,485183.893639651,2/21/2020 4:58:24 PM,,,,,,,,3.000000000000000,5.000000000000000,,
"88299061",FHPD20OFF018464,FHP,Long,03:02:20,11:45 AM,Orlando,Orange,VINELAND AVENUE,LITTLE LAKE BRYANT PARKWAY,"100",East,Left Turn,"2","0","0","0",N,N,N,"$2,400",Clear,Daylight,,Left Entering,W,Property Damage Only,N,Angle,Motor Vehicle in Transport,On Roadway,Non-Junction,N,Not at Intersection,Local,Curb,Dry,None,,,None,,,N,N,,,,,"0","0","0","0","0","0","0","0","0","0","0","0",$0,$0,"0","1","0","2400","Mapped, On Network",-81.4965883621819,28.3855378133615,644831.026686704,489097.391787533,3/25/2020 6:54:28 PM,,,,,,,,3.000000000000000,5.000000000000000,,
"88241333",FHPD20OFF016404,FHP,Long,02:24:20,11:47 PM,Orlando,Orange,INTERSTATE 4 (STATE ROAD 400),CENTRAL FLORIDA PARKWAY,"100",South,Rear End,"2","0","0","1",N,Y,N,"$2,300",Clear,Dark - Lighted,,Rear End,E,Injury,N,Front to Rear,Motor Vehicle in Transport,On Roadway,Non-Junction,N,Not at Intersection,Interstate,Paved,Dry,None,,,None,,,N,N,,,,,"0","0","0","0","0","0","0","1","0","0","0","0",$0,$0,"0","2","0","2300","Mapped, On Network",-81.4754914541228,28.409853097556,646838.716523592,491839.263739252,3/4/2020 11:14:33 AM,,,,,,,,3.000000000000000,5.000000000000000,,
"88281935",FHPD20OFF011671,FHP,Long,02:09:20,10:43 PM,Unincorporated,Orange,INTERSTATE 4 (STATE ROAD 400),STATE ROAD 535 APOPKA VINELAND ROAD,"800",East,Sideswipe,"2","0","0","0",N,Y,N,$800,Clear,Dark - Lighted,,Same Direction Sideswipe,E,Property Damage Only,N,"Sideswipe, Same Direction",Motor Vehicle in Transport,On Roadway,Non-Junction,N,Not at Intersection,Interstate,Paved,Dry,None,,,None,,,N,N,,,,,"0","0","0","0","0","0","0","0","0","0","0","0",$0,$0,"0","0","0","800","Mapped, On Network",-81.5029803540503,28.3791638098806,644220.31510233,488376.986236367,2/18/2020 10:54:47 AM,,,,,,,,3.000000000000000,5.000000000000000,,
"88276569",FHPD20OFF018891,FHP,Short,03:03:20,03:25 PM,Orlando,Orange,INTERSTATE 4 (STATE ROAD 400),STATE ROAD 535 (APOPKA VINELAND RD),"2640",South,Sideswipe,"2","0","0","0",N,Y,N,"$1,100",Cloudy,Daylight,,Same Direction Sideswipe,W,Property Damage Only,N,"Sideswipe, Same Direction",Motor Vehicle in Transport,On Roadway,Non-Junction,N,Not at Intersection,Interstate,Paved,Dry,None,,,None,,,N,N,,,,,"0","0","2","0","0","0","0","0","0","0","0","0",$0,$0,"0","0","0","1100","Mapped, On Network",-81.509883150802,28.3717782534086,643561.842555253,487543.285578467,3/24/2020 3:54:23 PM,,,,,,,,3.000000000000000,5.000000000000000,,
"88276563",FHPD20OFF016929,FHP,Short,02:26:20,04:25 PM,Orlando,Orange,INTERSTATE 4 (STATE ROAD 400) MM 68,STATE ROAD 535 (APOPKA VINELAND RD),"2640",North,Animal,"2","0","0","0",N,Y,N,$200,Rain,Daylight,,Animal,W,Property Damage Only,N,Front to Rear,Animal,On Roadway,Non-Junction,N,Not at Intersection,Interstate,Paved,Wet,None,,,None,,,N,N,,,,,"0","0","0","0","0","0","0","0","0","0","0","0",$0,$0,"0","1","0","200","Mapped, Not On Network",-81.50125962,28.3815567588857,644383.203363257,488646.093854057,3/4/2020 4:09:20 PM,,,,,,,,3.000000000000000,5.000000000000000,,
"88202197",FHPD20OFF019483,FHP,Long,03:05:20,11:34 AM,Orlando,Orange,INTERSTATE 4,MM65,"100",West,Sideswipe,"2","0","0","2",N,N,N,"$3,800",Clear,Daylight,,Same Direction Sideswipe,E,Injury,N,"Sideswipe, Same Direction",Motor Vehicle in Transport,On Roadway,Non-Junction,N,Not at Intersection,Interstate,Paved,Dry,None,,,None,,,N,N,,,,,"0","0","1","0","0","0","0","0","2","0","0","0",$2,$0,"0","1","0","3800","Mapped, On Network",-81.529265459131,28.349783800908,641715.223772638,485063.008763665,3/25/2020 1:46:17 PM,,,,,,,,3.000000000000000,5.000000000000000,,
"88302063",FHPD20OFF022538,FHP,Long,03:14:20,09:30 PM,Orlando,Orange,INTERSTATE 4 (STATE ROAD 400),STATE ROAD 535 (APOPKA  VINELAND RD),"300",East,Rear End,"2","0","0","0",N,Y,N,"$8,000",Clear,Dark - Lighted,,Rear End,W,Property Damage Only,N,Front to Rear,Motor Vehicle in Transport,On Roadway,Non-Junction,N,Not at Intersection,Interstate,Paved,Dry,None,,,None,,,N,N,,,,,"0","0","3","0","0","0","0","0","0","0","0","0",$0,$0,"0","3","0","8000","Mapped, On Network",-81.5037612011416,28.3790938122375,644144.112353736,488367.667917103,3/24/2020 3:37:57 PM,,,,,,,,3.000000000000000,5.000000000000000,,
"89201888",2020TA003668,Maitland PD,Long,03:23:20,02:44 PM,Maitland,Orange,I-4,WYMORE RD,"3",South,Rear End,"2","0","0","0",N,N,N,"$1,338",Clear,Daylight,,Rear End,W,Property Damage Only,Y,Front to Rear,Motor Vehicle in Transport,On Roadway,Non-Junction,N,Not at Intersection,Interstate,Paved,Dry,None,,,None,,,N,N,,,,,"0","0","0","0","0","0","0","0","0","0","0","0",$0,$0,"0","0","0","1338","Mapped, On Network",-81.5293663744674,28.3501529862317,641704.531012471,485103.803278472,3/31/2020 4:11:44 PM,,,,,,,,3.000000000000000,5.000000000000000,,
"88273776",FHPD20OFF019800,FHP,Short,03:06:20,08:10 AM,Orlando,Orange,INTERSTATE 4 (STATE ROAD 400),SR-535 APOPKA VINELAND ROAD,"1584",West,Rear End,"2","0","0","0",N,N,N,"$2,000",Clear,Daylight,,Rear End,W,Property Damage Only,N,Other,Motor Vehicle in Transport,On Roadway,Non-Junction,N,Not at Intersection,Interstate,Paved,Dry,None,,,None,,,N,N,,,,,"0","0","0","0","0","0","0","0","0","0","0","0",$0,$0,"0","1","0","2000","Mapped, On Network",-81.5080422642466,28.3738878658064,643737.143583769,487781.161815295,3/24/2020 2:54:26 PM,,,,,,,,3.000000000000000,5.000000000000000,,
"88276555",FHPD20OFF013488,FHP,Short,02:15:20,02:30 PM,Orlando,Orange,INTERSTATE 4 (STATE ROAD 400) MM 68,STATE ROAD 535 (APOPKA VINELAND ROAD,"300",South,Rear End,"2","0","0","0",N,Y,N,"$4,000",Cloudy,Daylight,,Rear End,E,Property Damage Only,N,Front to Rear,Motor Vehicle in Transport,On Roadway,Non-Junction,N,Not at Intersection,Interstate,Paved,Dry,None,,,None,,,N,N,,,,,"0","0","0","0","0","0","0","0","0","0","0","0",$0,$0,"0","1","0","4000","Mapped, Not On Network",-81.50693,28.3747100488627,643844.072891671,487874.651084295,2/21/2020 4:58:44 PM,,,,,,,,3.000000000000000,5.000000000000000,,
"88273778",FHPD20OFF020144,FHP,Short,03:07:20,08:30 AM,Orlando,Orange,INTERSTATE 4 (STATE ROAD 400),CENTRAL FLORIDA PARKWAY,"500",South,Other,"2","0","0","0",N,N,N,"$2,000",Clear,Daylight,,Other,E,Property Damage Only,N,Other,Motor Vehicle in Transport,On Roadway,Non-Junction,N,Not at Intersection,Interstate,Unpaved,Dry,None,,,None,,,N,N,,,,,"0","0","1","0","0","0","0","0","0","0","0","0",$0,$0,"0","0","0","2000","Mapped, On Network",-81.4755429457661,28.410313764625,646832.635269527,491890.310091108,3/19/2020 11:02:07 PM,,,,,,,,3.000000000000000,5.000000000000000,,
"88276570",FHPD20OFF019011,FHP,Long,03:03:20,08:00 PM,Orlando,Orange,INTERSTTA E4 (STATE ROAD 400) MM 71,CENTRAL FLORIDA PARKWAY,"700",North,Rear End,"2","0","0","0",N,Y,N,"$5,000",Clear,Dark - Lighted,,Rear End,W,Property Damage Only,N,Front to Rear,Motor Vehicle in Transport,On Roadway,Non-Junction,N,Not at Intersection,Interstate,Paved,Dry,None,,,None,,,N,N,,,,,"0","0","1","0","0","0","0","0","0","0","0","0",$0,$0,"0","1","0","5000","Mapped, On Network",-81.4745042493787,28.4129667626159,646928.147493797,492186.960894587,6/9/2020 3:22:19 PM,,,,,,,,3.000000000000000,5.000000000000000,,
"88241334",FHPD20OFF015831,FHP,Short,02:22:20,10:34 PM,Orlando,Orange,INTERSTATE 4 (STATE ROAD 400),STATE ROAD 536 (EPCOT CENTER DRIVE),"400",North,Rear End,"2","0","0","0",N,Y,N,"$1,050",Clear,Dark - Lighted,,Rear End,E,Property Damage Only,N,Front to Rear,Motor Vehicle in Transport,On Roadway,Entrance/Exit Ramp,N,Not at Intersection,Interstate,Paved,Dry,None,,,None,,,N,N,,,,,"0","0","3","0","0","0","0","0","0","0","0","0",$0,$0,"0","1","0","1050","Mapped, On Network",-81.5139206579311,28.3669245555846,643177.848327871,486996.390935218,2/27/2020 4:25:09 PM,,,,,,,,3.000000000000000,5.000000000000000,,
"88313817",FHPD20OFF022110,FHP,Short,03:13:20,03:57 PM,Orlando,Orange,INTESTATE 4 (STATE ROAD 400),CENTRAL FLORIDA PARKWAY,"30",North,Rear End,"2","0","0","0",N,Y,N,"$1,750",Clear,Daylight,,Rear End,W,Property Damage Only,N,Front to Rear,Motor Vehicle in Transport,On Roadway,Non-Junction,N,Not at Intersection,Interstate,Paved,Dry,None,,,None,,,N,N,,,,,"0","0","0","0","0","0","0","0","0","0","0","0",$0,$0,"0","1","0","1750","Mapped, On Network",-81.4752867703876,28.4106155727893,646856.993519491,491924.333669823,3/24/2020 4:31:40 PM,,,,,,,,3.000000000000000,5.000000000000000,,
"88302064",FHPD20OFF023513,FHP,Long,03:18:20,09:00 PM,Orlando,Orange,INTERSTATE 4 (STATE ROAD 400),STATE ROAD 536 (EPCOT CENTER DR),"5280",West,Off Road,"2","0","0","0",N,N,N,"$6,000",Clear,Dark - Not Lighted,,Off Road,W,Property Damage Only,N,Other,Guardrail Face,On Roadway,Non-Junction,N,Not at Intersection,Interstate,Paved,Dry,None,,,None,,,N,N,,,,,"0","0","1","0","0","0","0","0","0","0","0","0",$0,$0,"0","1","2000","4000","Mapped, On Network",-81.5307354085872,28.3485440862162,641574.192615993,484922.477119124,4/1/2020 1:19:51 PM,,,,,,,,3.000000000000000,5.000000000000000,,
"88281934",FHPD20OFF011659,FHP,Long,02:09:20,09:57 PM,Unincorporated,Orange,INTERSTATE 4 (STATE ROAD 400),STATE ROAD 535 APOPKA VINELAND ROAD,"50",East,Sideswipe,"2","0","0","0",N,Y,N,"$8,000",Clear,Dark - Lighted,,Same Direction Sideswipe,W,Property Damage Only,N,"Sideswipe, Same Direction",Motor Vehicle in Transport,On Roadway,Non-Junction,N,Not at Intersection,Interstate,Paved,Dry,None,,,None,,,N,N,,,,,"0","0","0","0","0","0","0","0","0","0","0","0",$0,$0,"0","1","0","8000","Mapped, On Network",-81.5043428823119,28.3779823251804,644089.726907186,488243.103540972,2/18/2020 10:54:14 AM,,,,,,,,3.000000000000000,5.000000000000000,,
"88281938",FHPD20OFF013614,FHP,Long,02:15:20,09:28 PM,Unincorporated,Orange,INTERSTATE 4 (STATE ROAD 400),STATE ROAD 535 APOPKA VINELAND ROAD,"50",East,Rear End,"2","0","0","1",N,Y,N,"$1,300",Clear,Dark - Lighted,,Rear End,E,Injury,N,Front to Rear,Motor Vehicle in Transport,On Roadway,Non-Junction,N,Not at Intersection,Interstate,Paved,Dry,None,,,None,,,N,N,,,,,"0","0","1","0","0","0","0","1","0","0","0","0",$0,$0,"0","1","0","1300","Mapped, On Network",-81.5042142137759,28.3776251073261,644103.112580979,488203.69490326,2/25/2020 10:15:05 AM,,,,,,,,3.000000000000000,5.000000000000000,,
"88241335",FHPD20OFF017459,FHP,Long,02:28:20,01:00 AM,Orlando,Orange,INTERSTATE 4 (STATE ROAD 400),STATE ROAD 535 (APOPKA VINELAND ROAD,"5280",East,Sideswipe,"5","0","0","1",N,Y,N,"$27,200",Clear,Dark - Lighted,,Same Direction Sideswipe,W,Injury,N,Other,Motor Vehicle in Transport,On Roadway,Non-Junction,N,Not at Intersection,Interstate,Paved,Dry,None,,,None,,,N,N,,,,,"0","0","3","0","0","0","0","1","0","0","0","0",$0,$0,"0","0","0","27200","Mapped, On Network",-81.4959197206405,28.3874151279797,644892.176767738,489307.16494328,3/16/2020 3:49:08 PM,,,,,,,,3.000000000000000,5.000000000000000,,
"88276572",FHPD20OFF019341,FHP,Long,03:04:20,07:38 PM,Orlando,Orange,INTERSTATE 4 (STATE ROAD 400) MM 69,DARYL CARTER PARKWAY,"0",South,Sideswipe,"2","0","0","0",N,Y,N,$200,Clear,Dark - Lighted,,Same Direction Sideswipe,E,Property Damage Only,N,"Sideswipe, Same Direction",Motor Vehicle in Transport,On Roadway,Non-Junction,N,Not at Intersection,Interstate,Paved,Dry,None,,,None,,,N,N,,,,,"0","0","0","0","0","0","0","0","0","0","0","0",$0,$0,"0","1","0","200","Mapped, On Network",-81.4937037946893,28.3895427589125,645104.056331399,489547.806458706,6/9/2020 3:22:30 PM,,,,,,,,3.000000000000000,5.000000000000000,,
"88241345",FHPD20OFF022260,FHP,Long,03:14:20,12:16 AM,Orlando,Orange,INTERSTATE 4 (STATE ROAD 400),STATE ROAD 536 (EPCOT CENTER DRIVE),"600",South,Rear End,"5","0","0","0",N,N,N,"$4,600",Clear,Dark - Lighted,,Rear End,W,Property Damage Only,N,Other,Cargo/Equipment Loss or Shift,On Roadway,Non-Junction,N,Not at Intersection,Interstate,Paved,Dry,None,,,None,,,N,N,,,,,"0","0","3","0","0","0","0","0","0","0","0","0",$0,$0,"0","0","0","4600","Mapped, On Network",-81.5227507256494,28.3576431780212,642334.949981612,485948.456750523,3/24/2020 4:05:41 PM,,,,,,,,3.000000000000000,5.000000000000000,,
"88241328",FHPD20OFF011641,FHP,Short,02:09:20,08:08 PM,Orlando,Orange,INTERSTATE 4 (STATE ROAD 400),CENTRAL FLORIDA PARKWAY,"700",South,Rear End,"2","0","0","0",N,N,N,$25,Clear,Dark - Lighted,,Rear End,W,Property Damage Only,N,Front to Rear,Motor Vehicle in Transport,On Roadway,Non-Junction,N,Not at Intersection,Interstate,Paved,Dry,None,,,None,,,N,N,,,,,"0","0","2","0","0","0","0","0","0","0","0","0",$0,$0,"0","0","0","25","Mapped, On Network",-81.4768392991505,28.4085641651471,646709.875463554,491693.451918945,2/18/2020 10:57:37 AM,,,,,,,,3.000000000000000,5.000000000000000,,
"88271653",FHPD20OFF011233,FHP,Long,02:08:20,08:00 AM,Orlando,Orange,CENTRAL FLORIDA PARKWAY,INTERSTATE 400 (I-4),"0",,Angle,"2","0","0","1",N,N,N,"$3,900",Clear,Daylight,,Right Angle,NE,Injury,N,Angle,Motor Vehicle in Transport,On Roadway,Entrance/Exit Ramp,Y,T-Intersection,State,Curb,Dry,None,,,None,,,N,N,,,,,"0","0","0","0","0","0","0","1","0","0","0","0",$0,$0,"0","1","0","3900","Mapped, On Network",-81.4755500503631,28.4103200125643,646831.9265,491890.9896,2/16/2020 8:27:11 PM,,,,,,,,3.000000000000000,5.000000000000000,,
"88227855",FHPD20OFF013408,FHP,Long,02:15:20,09:30 AM,Orlando,Orange,INTERSTATE 4 (STATE ROAD 400),STATE ROAD 528 (BEACHLINE EXPY),"5280",West,Rear End,"2","0","0","1",N,Y,N,"$3,000",Clear,Daylight,,Rear End,W,Injury,N,Front to Rear,Motor Vehicle in Transport,On Roadway,Non-Junction,N,Not at Intersection,Interstate,Paved,Dry,None,,,None,,,N,N,,,,,"0","0","1","0","0","0","0","1","0","0","0","0",$0,$0,"0","1","0","3000","Mapped, On Network",-81.474411107326,28.4153728847029,646931.780669956,492454.307186965,2/24/2020 12:08:44 PM,,,,,,,,3.000000000000000,5.000000000000000,,
"88302057",FHPD20OFF018133,FHP,Long,02:29:20,09:50 PM,Orlando,Orange,INTERSTATE 4 (STATE ROAD 400),STATE ROAD 536 (EPCOT CENTER DR),"1320",West,Rear End,"2","0","0","1",N,Y,N,"$15,000",Clear,Dark - Lighted,,Rear End,E,Injury,N,Front to Rear,Motor Vehicle in Transport,On Roadway,Entrance/Exit Ramp,Y,Not at Intersection,Interstate,Paved,Dry,None,,,None,,,N,N,,,,,"0","0","0","0","0","0","0","0","0","1","0","0",$0,$0,"1","1","0","15000","Mapped, On Network",-81.5172353703952,28.3632182373354,642861.947576224,486578.330244324,3/6/2020 4:35:36 PM,,,,,,,,3.000000000000000,5.000000000000000,,
"88302062",FHPD20OFF021628,FHP,Long,03:12:20,04:30 AM,Orlando,Orange,INTERSTATE 4 (STATE ROAD 400),STATE ROAD 535 (APOPKA VINELAND RD),"5280",West,Sideswipe,"2","0","0","0",N,N,N,"$3,500",Clear,Dark - Lighted,,Same Direction Sideswipe,W,Property Damage Only,N,"Sideswipe, Same Direction",Motor Vehicle in Transport,On Roadway,Non-Junction,N,Not at Intersection,Interstate,Paved,Dry,None,,,None,,,N,N,,,,,"0","0","0","0","0","0","0","0","0","0","0","0",$0,$0,"0","0","0","3500","Mapped, On Network",-81.5139506151381,28.3672472446232,643174.196006753,487032.16138465,3/24/2020 3:36:59 PM,,,,,,,,3.000000000000000,5.000000000000000,,
"88258049",FHPD20OFF011160,FHP,Short,02:07:20,08:57 PM,Orlando,Orange,INTERSTATE 4 (STATE ROAD 400),STATE ROAD 535,"2112",East,Rear End,"2","0","0","0",N,Y,N,$200,Clear,Dark - Lighted,,Rear End,E,Property Damage Only,N,Front to Rear,Motor Vehicle in Transport,On Roadway,Non-Junction,N,Not at Intersection,Interstate,Paved,Dry,None,,,None,,,N,N,,,,,"0","0","1","0","0","0","0","0","0","0","0","0",$0,$0,"0","1","0","200","Mapped, On Network",-81.5009464090481,28.3814161686233,644414.14839917,488631.104319744,2/20/2020 12:39:15 PM,,,,,,,,3.000000000000000,5.000000000000000,,
"88281936",FHPD20OFF013292,FHP,Long,02:14:20,08:37 PM,Unincorporated,Orange,INTERSTATE 4 (STATE ROAD 400),STATE ROAD 535 APOPKA VINELAND ROAD,"7920",East,Rear End,"3","0","0","0",N,Y,N,"$7,000",Rain,Dark - Lighted,,Rear End,W,Property Damage Only,N,Front to Rear,Motor Vehicle in Transport,On Roadway,Non-Junction,N,Not at Intersection,Interstate,Paved,Wet,None,,,None,,,N,N,,,,,"0","0","0","0","0","0","0","0","0","0","0","0",$0,$0,"0","1","0","7000","Mapped, On Network",-81.5044039979061,28.3779722015022,644083.773015731,488241.858497052,2/21/2020 12:15:54 PM,,,,,,,,3.000000000000000,5.000000000000000,,
"88276549",FHPD20OFF011154,FHP,Long,02:07:20,08:32 PM,Orlando,Orange,INTERSTATE 4 (STATE ROAD 400) MM 71,CENTRAL FLORIDA PARKWAY,"800",South,Rear End,"3","0","0","1",N,Y,N,"$5,200",Clear,Dark - Lighted,,Rear End,W,Injury,N,Front to Rear,Motor Vehicle in Transport,On Roadway,Non-Junction,N,Not at Intersection,Interstate,Paved,Dry,None,,,None,,,N,N,,,,,"0","0","0","0","0","0","0","1","0","0","0","0",$0,$0,"0","2","0","5200","Mapped, Not On Network",-81.48193083,28.4029783589577,646224.770909091,491063.064100658,2/13/2020 4:17:00 PM,,,,,,,,3.000000000000000,5.000000000000000,,
"88202169",FHPD20OFF009098,FHP,Long,02:01:20,07:11 AM,Orlando,Orange,INTERSTATE 4,MM71,"100",West,Sideswipe,"2","0","0","0",N,N,N,"$1,500",Rain,Daylight,,Same Direction Sideswipe,W,Property Damage Only,N,"Sideswipe, Same Direction",Motor Vehicle in Transport,On Roadway,Non-Junction,N,Not at Intersection,Interstate,Paved,Wet,None,,,None,,,N,N,,,,,"0","0","0","0","0","0","0","0","0","0","0","0",$0,$0,"0","0","0","1500","Mapped, On Network",-81.475429767111,28.4104623544606,646843.362125565,491907.035071671,2/13/2020 2:10:19 PM,,,,,,,,3.000000000000000,5.000000000000000,,
"88317107",FHPD20OFF028305,FHP,Long,04:17:20,05:00 PM,Orlando,Orange,INTERSTATE 4 (STATE ROAD 400) EB MM 70,DARYL CARTER PKWY,"100",North,Sideswipe,"2","0","0","0",N,N,N,"$1,200",Clear,Daylight,,Same Direction Sideswipe,E,Property Damage Only,N,"Sideswipe, Same Direction",Motor Vehicle in Transport,On Roadway,Non-Junction,N,Not at Intersection,Interstate,Paved,Dry,None,,,None,,,N,N,,,,,"0","0","0","0","0","0","0","0","0","0","0","0",$0,$0,"0","1","0","1200","Mapped, Not On Network",-81.48494,28.399200048945,645939.123063757,490637.539900865,5/5/2020 4:54:35 PM,,,,,,,,3.000000000000000,5.000000000000000,,
"88263364",FHPD20OFF010063,FHP,Long,02:04:20,03:24 PM,Orlando,Orange,INTERSTATE 4 (STATE ROAD 400),DARYL CARTER PARKWAY,"5280",South,Other,"1","0","0","0",N,N,N,"$70,000",Clear,Daylight,,Single Vehicle,E,Property Damage Only,N,Other,Thrown or Falling Object,On Roadway,Non-Junction,N,Not at Intersection,Interstate,Paved,Dry,None,,,None,,,N,N,,,,,"0","0","1","0","0","0","0","0","0","0","0","0",$0,$0,"0","0","70000","0","Mapped, On Network",-81.4985565731472,28.3840041162742,644642.019004244,488923.193244049,2/12/2020 1:10:58 PM,,,,,,,,3.000000000000000,5.000000000000000,,
"88317106",FHPD20OFF027916,FHP,Long,04:15:20,01:25 PM,Orlando,Orange,INTERSTATE 4 (STATE ROAD 400) EB MM72,STATE ROAD 528,"100",North,Rollover,"2","0","0","1",N,N,N,"$5,200",Clear,Daylight,,Rollover,E,Injury,N,Other,Overturn/Rollover,Unknown,Non-Junction,N,Not at Intersection,Interstate,Paved,Dry,None,,,None,,,N,N,,,,,"0","0","0","0","0","0","0","0","1","0","0","0",$1,$0,"0","2","0","5200","Mapped, On Network",-81.4740938070991,28.4247943405322,646941.368748595,493501.038056886,7/20/2020 2:04:28 PM,,,,,,,,5.000000000000000,11.000000000000000,,
"89824010",2020-00118588,Orlando PD,Long,04:08:20,06:16 PM,Orlando,Orange,I4 EBO (SR 400),I4 EB EXIT RAMP TO US 441 (S ORANGE BLOSSOM TR),"500",West,Other,"2","0","0","2",N,Y,N,"$3,500",Clear,Daylight,,Other,E,Injury,Y,Other,Motor Vehicle in Transport,On Roadway,Entrance/Exit Ramp,N,Not at Intersection,Interstate,Paved,Dry,None,,,None,,,N,Y,Work on Shoulder or Median,Activity Area,,N,"0","0","0","0","0","0","0","1","1","0","0","0",$1,$0,"0","0","0","3500","Mapped, On Network",-81.4694004121763,28.4617094887056,647316.021509662,497609.24944814,4/21/2020 3:08:27 PM,,,,,,,,5.000000000000000,11.000000000000000,,
"88276573",FHPD20OFF019673,FHP,Long,03:05:20,06:33 PM,Orlando,Orange,INTERSTATE 4 (STATE ROAD 400) MM 73,STATE ROAD 482 (SANDLAKE ROAD),"5280",South,Rear End,"2","0","0","4",N,Y,N,"$1,100",Cloudy,Dark - Lighted,,Rear End,W,Injury,N,Front to Rear,Motor Vehicle in Transport,On Roadway,Non-Junction,N,Not at Intersection,Interstate,Paved,Dry,None,,,None,,,N,N,,,,,"0","0","2","0","0","0","0","4","0","0","0","0",$0,$0,"0","2","0","1100","Mapped, On Network",-81.4745361487573,28.437254134192,646869.793065568,494883.603994744,6/9/2020 3:26:29 PM,,,,,,,,5.000000000000000,11.000000000000000,,
"88202202",FHPD20OFF021640,FHP,Long,03:12:20,07:07 AM,Orlando,Orange,INTERSTATE 4,MM72,"200",West,Rear End,"3","0","0","0",N,N,N,"$15,000",Clear,Daylight,,Rear End,W,Property Damage Only,N,Front to Rear,Motor Vehicle in Transport,On Roadway,Non-Junction,N,Not at Intersection,Interstate,Paved,Dry,None,,,None,,,N,N,,,,,"0","0","4","0","0","0","0","0","0","0","0","0",$0,$0,"0","1","0","15000","Mapped, On Network",-81.4744569329328,28.4237294910068,646908.295095586,493382.077178938,3/25/2020 1:48:24 PM,,,,,,,,5.000000000000000,11.000000000000000,,