HSMV_Report_Number,Agency_Report_Number,Reporting_Agency,Form_Type,Crash_Date,Crash_Time,City,County,Crash_Street,Intersecting_Street,Offset_Distance,Offset_Direction,Crash_Type,Vehicles,Non_Motorists,Fatalities,Injuries,Alcohol_Related,Distraction_Related,Drug_Related,Estimated_Damages,Weather_Condition,Light_Condition,Street_Number,Crash_Type_Detailed,Crash_Type_Dir,Crash_Severity,Within_City_Limits,Manner_of_Collision,First_Harmful_Event,First_HE_Location,First_HE_Relation_to_Jct,First_HE_Within_Interchange,Type_of_Intersection,Road_Sys_Identifier,Type_of_Shoulder,Road_Surf_Cond,Contrib_Circum_Road1,Contrib_Circum_Road2,Contrib_Circum_Road3,Contrib_Circum_Env1,Contrib_Circum_Env2,Contrib_Circum_Env3,School_Bus_Related,Work_Zone_Related,Type_of_Work_Zone,Loc_in_Work_Zone,Workers_in_Work_Zone,Law_Enforcement_in_Work_Zone,Mopeds,Motorcycles,Passengers,Bicyclists,Pedestrians,Fatalities_Unrestrained,Injuries_Unrestrained,Possible_Injuries,Non_Incapacitating_Injuries,Incapacitating_Injuries,Fatalities_30_Days,Non_Traffic_Fatalities,Transported_by_EMS,Transported_by_Law_Enforcement,Transported_by_Other,Citations,Property_Dmg_Amt,Vehicle_Dmg_Amt,S4_Mapping,S4_Decimal_Degree_Longitude,S4_Decimal_Degree_Latitude,S4_Albers_X,S4_Albers_Y,S4_Mapping_Date,FID,ROADWAY,COLOR_CODE,DISTRICT,COUNTYDOT,COUNTY_2,MNG_DIST,BEGIN_POST,END_POST,Shape_Leng,Shape__Len
"88267454",FHPD20OFF012512,FHP,Short,02:12:20,04:25 PM,Orlando,Orange,INTERSTATE 4 (STATE ROAD 400),SR 528 ( BEACHLINE EXPRESSWAY),"1320",East,Rear End,"2","0","0","0",N,Y,N,"$2,000",Clear,Daylight,,Rear End,W,Property Damage Only,N,Front to Rear,Motor Vehicle in Transport,On Roadway,Non-Junction,N,Not at Intersection,Interstate,Paved,Dry,None,,,None,,,N,N,,,,,"0","0","3","0","0","0","0","0","0","0","0","0",$0,$0,"0","1","0","2000","Mapped, On Network",-81.4743049597074,28.4241101939764,646922.284695852,493424.652185973,2/20/2020 12:38:45 PM,,,,,,,,5.000000000000000,11.000000000000000,,
"88263381",FHPD20OFF014508,FHP,Long,02:18:20,05:19 PM,Orlando,Orange,INTERSTATE 4 (STATE ROAD 400),SAND LAKE ROAD,"100",South,Sideswipe,"2","0","0","0",N,Y,N,"$3,000",Clear,Daylight,,Same Direction Sideswipe,E,Property Damage Only,N,"Sideswipe, Same Direction",Motor Vehicle in Transport,On Roadway,Non-Junction,N,Not at Intersection,Interstate,Paved,Dry,None,,,None,,,N,N,,,,,"0","0","0","0","0","0","0","0","0","0","0","0",$0,$0,"0","0","0","3000","Mapped, On Network",-81.474160978989,28.4472446771895,646883.73712336,495993.637201529,2/26/2020 9:18:31 PM,,,,,,,,5.000000000000000,11.000000000000000,,
"89821934",2020-00055547,Orlando PD,Short,02:14:20,09:35 AM,Orlando,Orange,I4 EBO (SR 400),I4 EB EXIT RAMP TO W SOUTH ST/SR 408 EBO,"500",West,Rear End,"2","0","0","0",N,Y,N,$250,Clear,Daylight,,Rear End,E,Property Damage Only,Y,Front to Rear,Motor Vehicle in Transport,On Roadway,Non-Junction,N,Not at Intersection,Interstate,Paved,Dry,None,,,None,,,N,Y,Work on Shoulder or Median,Activity Area,,N,"0","0","1","0","0","0","0","0","0","0","0","0",$0,$0,"0","0","0","250","Mapped, On Network",-81.4694004121763,28.4617094887056,647316.021509662,497609.24944814,2/27/2020 4:22:34 PM,,,,,,,,5.000000000000000,11.000000000000000,,
"88276575",FHPD20OFF020047,FHP,Short,03:06:20,07:50 PM,Orlando,Orange,INTERSTATE 4 (STATE ROAD 400),STATE ROAD 528 (BEACHLINE EXSPRESSWA,"500",North,Sideswipe,"2","0","0","0",N,N,N,"$1,100",Clear,Dark - Lighted,,Same Direction Sideswipe,E,Property Damage Only,N,"Sideswipe, Same Direction",Motor Vehicle in Transport,On Roadway,Non-Junction,N,Not at Intersection,Interstate,Paved,Dry,None,,,None,,,N,N,,,,,"0","0","0","0","0","0","0","0","0","0","0","0",$0,$0,"0","1","0","1100","Mapped, On Network",-81.4741133946202,28.424966818785,646939.061745285,493520.149660641,3/24/2020 3:02:38 PM,,,,,,,,5.000000000000000,11.000000000000000,,
"89822339",2020-00084793,Orlando PD,Long,03:07:20,06:10 PM,Orlando,Orange,I4 EBO ON RAMP,UNIVERSAL BLVD,"300",East,Rear End,"2","0","0","0",N,N,N,$500,Clear,Daylight,,Rear End,,Property Damage Only,Y,Front to Rear,Motor Vehicle in Transport,On Roadway,Non-Junction,N,Not at Intersection,Interstate,Paved,Dry,None,,,None,,,N,N,,,,,"0","0","0","0","0","0","0","0","0","0","0","0",$0,$0,"0","0","0","500","Mapped, On Network",-81.4632410179664,28.46601221812,647908.06627669,498099.362091964,3/24/2020 4:30:40 PM,,,,,,,,5.000000000000000,11.000000000000000,,
"88241317",FHPD20OFF009485,FHP,Long,02:02:20,03:58 PM,Orlando,Orange,INTERSTATE 4 (STATE ROAD 400),STATE ROAD 482 (SAND LAKE ROAD),"600",North,Sideswipe,"2","0","0","0",N,N,N,"$1,400",Clear,Daylight,,Same Direction Sideswipe,E,Property Damage Only,N,"Sideswipe, Same Direction",Motor Vehicle in Transport,On Roadway,Non-Junction,N,Not at Intersection,Interstate,Paved,Dry,None,,,None,,,N,N,,,,,"0","0","0","0","0","0","0","0","0","0","0","0",$0,$0,"0","0","0","1400","Mapped, On Network",-81.4741745145486,28.4545204396036,646865.864932817,496801.461054036,2/12/2020 1:42:48 PM,,,,,,,,5.000000000000000,11.000000000000000,,
"88302051",FHPD20OFF014016,FHP,Long,02:17:20,10:00 AM,Orlando,Orange,INTERSTATE 4 (STATE ROAD 400),STATE ROAD 482 (SAND LAKE ROAD),"2640",East,Rear End,"2","0","0","0",N,Y,N,"$5,500",Clear,Daylight,,Rear End,E,Property Damage Only,N,"Sideswipe, Same Direction",Motor Vehicle in Transport,On Roadway,Non-Junction,N,Not at Intersection,Interstate,Paved,Dry,None,,,None,,,N,N,,,,,"0","0","0","0","0","0","0","0","0","0","0","0",$0,$0,"0","1","0","5500","Mapped, On Network",-81.4733119378533,28.4575622948966,646943.237212026,497140.934857896,2/26/2020 8:51:26 PM,,,,,,,,5.000000000000000,11.000000000000000,,
"88273765",FHPD20OFF014694,FHP,Short,02:19:20,01:05 PM,Orlando,Orange,INTERSTATE 4 (STATE ROAD 400),SR-482 (SAND LAKE ROAD),"2640",West,Rear End,"2","0","0","0",N,N,N,$750,Clear,Daylight,,Rear End,E,Property Damage Only,N,Front to Rear,Motor Vehicle in Transport,On Roadway,Non-Junction,N,Not at Intersection,Interstate,Paved,Dry,None,,,None,,,N,N,,,,,"0","0","0","0","0","0","0","0","0","0","0","0",$0,$0,"0","2","0","750","Mapped, On Network",-81.4741968580619,28.4548276364407,646862.982716712,496835.525356289,2/26/2020 4:51:13 PM,,,,,,,,5.000000000000000,11.000000000000000,,
"88202171",FHPD20OFF009930,FHP,Long,02:04:20,07:25 AM,Orlando,Orange,INTERSTATE 4,MM74,"100",East,Rear End,"2","0","0","0",N,N,N,"$15,500",Clear,Daylight,,Rear End,E,Property Damage Only,N,Front to Rear,Motor Vehicle in Transport,On Roadway,Non-Junction,N,Not at Intersection,Interstate,Paved,Dry,None,,,None,,,N,N,,,,,"0","0","1","0","0","0","0","0","0","0","0","0",$0,$0,"0","1","0","15500","Mapped, On Network",-81.4741342725456,28.4474644844864,646885.847153894,496018.096574334,2/13/2020 2:18:38 PM,,,,,,,,5.000000000000000,11.000000000000000,,
"88311694",FHPD20OFF021903,FHP,Long,03:12:20,09:45 PM,Orlando,Orange,INTERSTATE 4 (STATE ROAD 400),STATE ROAD 482 (WEST SAND LAKE ROAD),"528",South,Rear End,"2","0","0","3",N,Y,N,"$12,000",Clear,Dark - Lighted,,Rear End,E,Injury,N,Front to Rear,Motor Vehicle in Transport,On Roadway,Non-Junction,N,Not at Intersection,Interstate,Paved,Dry,None,,,None,,,N,N,,,,,"0","0","1","0","0","0","0","3","0","0","0","0",$0,$0,"0","1","0","12000","Mapped, On Network",-81.4741267175251,28.4477610900826,646885.910832877,496051.044763975,3/24/2020 3:38:30 PM,,,,,,,,5.000000000000000,11.000000000000000,,
"88302050",FHPD20OFF013427,FHP,Long,02:15:20,11:00 AM,Orlando,Orange,INTERSTATE 4 (STATE ROAD 400),STATE ROAD 528 (BEACHLINE EXPY),"500",East,Rear End,"2","0","0","0",N,Y,N,"$7,500",Clear,Daylight,,Rear End,W,Property Damage Only,N,Front to Rear,Motor Vehicle in Transport,On Roadway,Non-Junction,N,Not at Intersection,Interstate,Paved,Dry,None,,,None,,,N,N,,,,,"0","0","0","0","0","0","0","0","0","0","0","0",$0,$0,"0","1","0","7500","Mapped, On Network",-81.4744118046251,28.4249146927385,646910.010826099,493513.764398519,2/24/2020 12:11:12 PM,,,,,,,,5.000000000000000,11.000000000000000,,
"88202187",FHPD20OFF014860,FHP,Long,02:19:20,09:33 PM,Orlando,Orange,INTERSTATE 4,MM74,"100",West,Rear End,"2","0","0","0",N,N,N,"$15,000",Clear,Dark - Lighted,,Rear End,E,Property Damage Only,N,Front to Rear,Motor Vehicle in Transport,On Roadway,Non-Junction,N,Not at Intersection,Interstate,Paved,Dry,None,,,None,,,N,N,,,,,"0","0","3","0","0","0","0","0","0","0","0","0",$0,$0,"0","1","0","15000","Mapped, On Network",-81.4738731091515,28.4561211912022,646891.677698284,496979.800954741,2/27/2020 4:50:17 PM,,,,,,,,5.000000000000000,11.000000000000000,,
"89821941",2020-00063922,Orlando PD,Long,02:20:20,06:02 PM,Orlando,Orange,I4 EBO (SR 400),SR 435 (S. KIRKMAN RD) EXIT RAMP,"250",South,Rear End,"2","0","0","0",N,N,N,"$1,000",Clear,Daylight,,Rear End,,Property Damage Only,Y,Front to Rear,Motor Vehicle in Transport,On Roadway,Non-Junction,N,Not at Intersection,Interstate,Paved,Dry,None,,,None,,,N,N,,,,,"0","0","0","0","0","0","0","0","0","0","0","0",$0,$0,"0","0","0","1000","Mapped, On Network",-81.4688624404696,28.4621957106874,647367.481932884,497664.315193944,3/2/2020 11:33:15 AM,,,,,,,,5.000000000000000,11.000000000000000,,
"89821204",2020-00044854,Orlando PD,Short,02:06:20,12:21 PM,Orlando,Orange,I4 EBO,SR 435 (S KIRKMAN RD) EXIT RAMP,"50",South,Sideswipe,"2","0","0","0",N,Y,N,"$3,000",Clear,Daylight,,Same Direction Sideswipe,N,Property Damage Only,Y,Angle,Motor Vehicle in Transport,On Roadway,Non-Junction,N,Not at Intersection,Interstate,Paved,Dry,None,,,None,,,N,N,,,,,"0","0","1","0","0","0","0","0","0","0","0","0",$0,$0,"0","0","0","3000","Mapped, On Network",-81.4644930550276,28.4658235027321,647786.157470948,498075.892033245,2/19/2020 10:58:38 AM,,,,,,,,5.000000000000000,11.000000000000000,,
"88241322",FHPD20OFF009844,FHP,Long,02:03:20,06:52 PM,Orlando,Orange,INTERSTATE 4 (SAND LAKE ROAD),STATE ROAD 482 (SAND LAKE ROAD),"700",South,Rear End,"2","0","0","2",N,Y,N,"$7,000",Clear,Dark - Lighted,,Rear End,E,Injury,N,Front to Rear,Motor Vehicle in Transport,On Roadway,Non-Junction,N,Not at Intersection,Interstate,Paved,Dry,None,,,None,,,N,N,,,,,"0","0","3","0","0","0","0","0","2","0","0","0",$2,$0,"0","1","0","7000","Mapped, On Network",-81.4742012518307,28.4457983210048,646883.091106155,495832.963030258,2/12/2020 1:31:47 PM,,,,,,,,5.000000000000000,11.000000000000000,,
"89822933",2020-00093766,Orlando PD,Short,03:14:20,04:51 PM,Orlando,Orange,I4 EBO (SR400),UNIVERSAL BV,"0",East,Rear End,"2","0","0","0",N,N,N,"$4,000",Clear,Daylight,,Rear End,E,Property Damage Only,Y,Front to Rear,Motor Vehicle in Transport,On Roadway,Non-Junction,N,Not at Intersection,Interstate,Paved,Dry,None,,,None,,,N,N,,,,,"0","0","0","0","0","0","0","0","0","0","0","0",$0,$0,"0","0","0","4000","Mapped, On Network",-81.4676386928497,28.463101848592,647484.995270975,497767.381806878,3/24/2020 3:59:48 PM,,,,,,,,5.000000000000000,11.000000000000000,,
"89819931",2020-00039852,Orlando PD,Long,02:02:20,04:08 PM,Orlando,Orange,I4 EBO,UNIVERSAL BV,"0",East,Rear End,"2","0","0","0",N,N,N,"$1,800",Clear,Daylight,,Rear End,E,Property Damage Only,Y,Front to Rear,Motor Vehicle in Transport,On Roadway,Non-Junction,N,Not at Intersection,Interstate,Paved,Dry,None,None,None,None,None,None,N,N,,,,,"0","0","0","0","0","0","0","0","0","0","0","0",$0,$0,"0","1","0","1800","Mapped, On Network",-81.4649193596951,28.4654765597226,647745.294131205,498036.513401246,2/12/2020 1:34:34 PM,,,,,,,,5.000000000000000,11.000000000000000,,
"88263379",FHPD20OFF013257,FHP,Long,02:14:20,07:14 PM,Orlando,Orange,INTERSTATE 4 (STATE ROAD 400),SAND LAKE ROAD,"200",South,Rear End,"3","0","0","0",N,Y,N,"$6,500",Cloudy,Dark - Lighted,,Rear End,E,Property Damage Only,N,Front to Front,Motor Vehicle in Transport,On Roadway,Non-Junction,N,Not at Intersection,Interstate,Paved,Dry,None,,,None,,,N,N,,,,,"0","0","7","0","0","0","0","0","0","0","0","0",$0,$0,"0","1","0","6500","Mapped, On Network",-81.4684480769246,28.4624969476864,647407.285153555,497698.593718549,2/26/2020 4:53:38 PM,,,,,,,,5.000000000000000,11.000000000000000,,
"89821802",2020-00054447,Orlando PD,Short,02:13:20,02:00 PM,Orlando,Orange,I4 EBO (SR 400),I4 EB EXIT RAMP TO US 441 (S ORANGE BLOSSOM TR),"500",West,Rear End,"3","0","0","0",N,Y,N,"$1,500",Clear,Daylight,,Rear End,E,Property Damage Only,Y,Front to Rear,Motor Vehicle in Transport,On Roadway,Non-Junction,N,Not at Intersection,Interstate,Paved,Dry,None,,,None,,,N,Y,Work on Shoulder or Median,Activity Area,,N,"0","0","0","0","0","0","0","0","0","0","0","0",$0,$0,"0","0","0","1500","Mapped, On Network",-81.4694004121763,28.4617094887056,647316.021509662,497609.24944814,2/27/2020 4:22:15 PM,,,,,,,,5.000000000000000,11.000000000000000,,
"89821006",2020-00050303,Orlando PD,Short,02:10:20,04:49 PM,Orlando,Orange,SR 400 EB,UNIVERSAL BLVD,"0",East,Rear End,"2","0","0","0",N,N,N,"$2,500",Clear,Daylight,,Rear End,E,Property Damage Only,Y,Front to Rear,Motor Vehicle in Transport,On Roadway,Non-Junction,N,Not at Intersection,Interstate,Paved,Dry,None,,,None,,,N,N,,,,,"0","0","0","0","0","0","0","0","0","0","0","0",$0,$0,"0","0","0","2500","Mapped, On Network",-81.464844011898,28.4656087763419,647752.354743185,498051.345177893,2/19/2020 10:57:47 AM,,,,,,,,5.000000000000000,11.000000000000000,,
"89822369",2020-00085273,Orlando PD,Long,03:08:20,01:23 AM,Orlando,Orange,INTERSTATE 4,UNIVERSAL BLVD,"10",East,Rear End,"2","0","0","0",N,N,N,"$11,000",Clear,Dark - Lighted,,Rear End,E,Property Damage Only,Y,Front to Rear,Motor Vehicle in Transport,On Roadway,Entrance/Exit Ramp,Y,Four-Way Intersection,Interstate,Curb,Dry,None,,,None,,,N,N,,,,,"0","0","3","0","0","0","0","0","0","0","0","0",$0,$0,"0","0","0","11000","Mapped, On Network",-81.4644528462838,28.4658790809194,647789.959472071,498082.143836373,3/24/2020 3:53:13 PM,,,,,,,,5.000000000000000,11.000000000000000,,
"88304889",FHPD20OFF021551,FHP,Short,03:11:20,06:48 PM,Orlando,Orange,I4,SR 482,"250",South,Rear End,"2","0","0","0",N,N,N,"$1,000",Clear,Daylight,,Rear End,N,Property Damage Only,N,Front to Rear,Motor Vehicle in Transport,On Roadway,Entrance/Exit Ramp,Y,Not at Intersection,Interstate,Unpaved,Dry,None,,,None,,,N,N,,,,,"0","0","0","0","0","0","0","0","0","0","0","0",$0,$0,"0","2","0","1000","Mapped, On Network",-81.4741935067656,28.4487887648805,646877.046058869,496165.017051125,3/24/2020 3:53:57 PM,,,,,,,,5.000000000000000,11.000000000000000,,
"88281929",FHPD20OFF009565,FHP,Long,02:02:20,11:19 PM,Unincorporated,Orange,INTERSTATE 4 (STATE ROAD 400),STATE ROAD 482 (SAND LAKE ROAD),"7920",South,Sideswipe,"2","0","0","1",N,N,N,"$4,000",Clear,Dark - Lighted,,Same Direction Sideswipe,E,Injury,N,"Sideswipe, Same Direction",Motor Vehicle in Transport,On Roadway,Non-Junction,N,Not at Intersection,Interstate,Paved,Dry,None,,,None,,,N,N,,,,,"0","0","1","0","0","0","0","1","0","0","0","0",$0,$0,"0","1","0","4000","Mapped, On Network",-81.4741034867736,28.4539360501302,646874.135265508,496736.716644535,2/12/2020 11:19:03 AM,,,,,,,,5.000000000000000,11.000000000000000,,
"89820043",2020-00073849,Orlando PD,Short,02:28:20,09:15 AM,Orlando,Orange,INTERSTATE 4,UNIVERSAL BLVD EXIT RAMP,"500",East,Sideswipe,"2","0","0","0",N,N,N,"$1,000",Clear,Daylight,,Same Direction Sideswipe,E,Property Damage Only,Y,"Sideswipe, Same Direction",Motor Vehicle in Transport,On Roadway,Non-Junction,N,Not at Intersection,Interstate,Paved,Dry,None,,,None,,,N,N,,,,,"0","0","1","0","0","0","0","0","0","0","0","0",$0,$0,"0","0","0","1000","Mapped, On Network",-81.4673062386174,28.4635092656379,647516.551878434,497813.285793172,3/27/2020 3:35:27 PM,,,,,,,,5.000000000000000,11.000000000000000,,
"89821975",2020-00063464,Orlando PD,Long,02:20:20,11:59 AM,Orlando,Orange,I4 EBO,EXIT RAMP 75B (KIRKMAN RD EXIT),"400",South,Sideswipe,"2","0","0","0",N,N,N,$200,Cloudy,Daylight,,Same Direction Sideswipe,,Property Damage Only,Y,"Sideswipe, Same Direction",Motor Vehicle in Transport,On Roadway,Non-Junction,N,Not at Intersection,Interstate,Paved,Dry,None,,,None,,,N,N,,,,,"0","0","2","0","0","0","0","0","0","0","0","0",$0,$0,"0","0","0","200","Mapped, On Network",-81.4696013164616,28.4615327260422,647296.792638235,497589.220042808,3/2/2020 10:53:33 AM,,,,,,,,5.000000000000000,11.000000000000000,,
"88263161",FHPD20OFF014276,FHP,Long,02:18:20,07:10 AM,Orlando,Orange,INTERSTATE 4 (STATE ROAD 400),STATE ROAD 482 (SAND LAKE ROAD),"5280",South,Sideswipe,"2","0","0","1",N,Y,N,"$15,000",Clear,Daylight,,Same Direction Sideswipe,W,Injury,N,"Sideswipe, Same Direction",Motor Vehicle in Transport,On Roadway,Non-Junction,N,Not at Intersection,Interstate,Paved,Dry,None,,,None,,,N,N,,,,,"0","0","0","0","0","0","0","1","0","0","0","0",$0,$0,"0","2","0","15000","Mapped, On Network",-81.4744709149361,28.4504510235056,646846.154946247,496349.027568674,2/22/2020 3:42:49 PM,,,,,,,,5.000000000000000,11.000000000000000,,
"88263362",FHPD20OFF009727,FHP,Short,02:03:20,01:43 PM,Orlando,Orange,INTERSTATE 4 (STATE ROAD 400),SAND LAKE ROAD,"50",South,Sideswipe,"2","0","0","0",N,N,N,"$4,000",Clear,Daylight,,Same Direction Sideswipe,E,Property Damage Only,N,"Sideswipe, Same Direction",Motor Vehicle in Transport,On Roadway,Non-Junction,N,Not at Intersection,Interstate,Paved,Dry,None,,,None,,,N,N,,,,,"0","0","1","0","0","0","0","0","0","0","0","0",$0,$0,"0","0","0","4000","Mapped, On Network",-81.4742020878373,28.4495979286975,646874.366951376,496254.843901517,2/13/2020 2:05:22 PM,,,,,,,,5.000000000000000,11.000000000000000,,
"89820569",2020-00045660,Orlando PD,Long,02:07:20,12:50 AM,Orlando,Orange,I4 WBO,CONROY RD,"26400",West,Other,"1","0","0","1",N,N,N,"$7,500",Rain,Dark - Lighted,,Single Vehicle,W,Injury,Y,Angle,Motor Vehicle in Transport,Off Roadway,Non-Junction,N,Not at Intersection,Interstate,Paved,Wet,None,,,Weather Conditions,,,N,N,,,,,"0","0","0","0","0","0","0","1","0","0","0","0",$0,$0,"0","0","5000","2500","Mapped, On Network",-81.4744119529563,28.4361137874443,646884.525365519,494757.236236511,2/19/2020 12:26:15 PM,,,,,,,,5.000000000000000,11.000000000000000,,
"89820978",2020-00045056,Orlando PD,Short,02:06:20,03:27 PM,Orlando,Orange,(SR 400) I-4 EASTBOUND,S KIRKMAN RD,"0",East,Rear End,"2","0","0","0",N,N,N,$700,Cloudy,Daylight,,Rear End,E,Property Damage Only,Y,Front to Rear,Motor Vehicle in Transport,On Roadway,Non-Junction,N,Not at Intersection,Interstate,Paved,Dry,None,,,None,,,N,N,,,,,"0","0","1","0","0","0","0","0","0","0","0","0",$0,$0,"0","0","0","700","Mapped, On Network",-81.4652272575778,28.4652218854044,647715.78982822,498007.617621545,2/19/2020 10:58:37 AM,,,,,,,,5.000000000000000,11.000000000000000,,
"89821799",2020-00052817,Orlando PD,Long,02:12:20,12:00 PM,Orlando,Orange,I4 EBO (SR 400),I4 EB EXIT RAMP TO SR 423 (S JOHN YOUNG PKWY),"1000",West,Other,"2","0","0","0",N,Y,N,"$1,000",Clear,Daylight,,Other,,Property Damage Only,Y,Other,Motor Vehicle in Transport,Shoulder,Entrance/Exit Ramp,N,Not at Intersection,Interstate,Paved,Dry,None,,,None,,,N,Y,Work on Shoulder or Median,Activity Area,Y,N,"0","0","0","0","0","0","0","0","0","0","0","0",$0,$0,"0","0","0","1000","Mapped, On Network",-81.4705392594864,28.4607642773782,647206.890399854,497502.016229897,2/27/2020 4:22:15 PM,,,,,,,,5.000000000000000,11.000000000000000,,
"89822040",2020-00083367,Orlando PD,Short,03:06:20,03:30 PM,Orlando,Orange,SR 400 EBO,EXIT 75A,"0",East,Rear End,"2","0","0","0",N,N,N,"$2,000",Clear,Daylight,,Rear End,E,Property Damage Only,Y,Front to Rear,Motor Vehicle in Transport,On Roadway,Non-Junction,N,Not at Intersection,Interstate,Paved,Dry,None,None,None,None,None,None,N,N,,,,,"0","0","0","0","0","0","0","0","0","0","0","0",$0,$0,"0","0","0","2000","Mapped, On Network",-81.4643792535543,28.4651826668794,647798.740609258,498004.966841912,3/18/2020 3:27:38 PM,,,,,,,,5.000000000000000,11.000000000000000,,
"88317100",FHPD20OFF022408,FHP,Long,03:14:20,01:50 PM,Orlando,Orange,INTERSTATE 4 (STATE ROAD 400) WB MM74,STATE ROAD 482,"1320",South,Pedestrian,"1","1","0","1",N,N,N,"$5,000",Clear,Daylight,,Pedestrian,W,Injury,N,Other,Pedestrian,On Roadway,Non-Junction,N,Not at Intersection,Interstate,Paved,Dry,None,,,None,,,N,N,,,,,"0","0","1","0","1","0","0","0","0","1","0","0",$1,$0,"0","0","0","5000","Mapped, On Network",-81.4745290399087,28.446293605531,646849.929673362,495887.299846761,3/24/2020 4:02:42 PM,,,,,,,,5.000000000000000,11.000000000000000,,
"88317104",FHPD20OFF027014,FHP,Long,04:09:20,02:00 PM,Orlando,Orange,INTERSTATE 4 (STATE ROAD 400) WB MM 72,CENTRAL FLORIDA PARKWAY,"100",North,Sideswipe,"2","0","0","1",N,N,N,"$1,400",Clear,Daylight,,Same Direction Sideswipe,W,Injury,N,"Sideswipe, Same Direction",Motor Vehicle in Transport,On Roadway,Non-Junction,N,Not at Intersection,Interstate,Paved,Dry,None,,,None,,,N,N,,,,,"0","0","0","0","0","0","0","1","0","0","0","0",$0,$0,"0","0","0","1400","Mapped, Not On Network",-81.47435438,28.4236343690272,646918.536071567,493371.720813822,4/15/2020 5:22:22 PM,,,,,,,,5.000000000000000,11.000000000000000,,
"89821945",2020-00074210,Orlando PD,Short,02:28:20,03:02 PM,Orlando,Orange,(INTERSTATE 400) I-4 EBO,UNIVERSAL BLVD,"0",East,Sideswipe,"2","0","0","0",N,N,N,$600,Cloudy,Daylight,,Same Direction Sideswipe,E,Property Damage Only,Y,Angle,Motor Vehicle in Transport,On Roadway,Non-Junction,N,Not at Intersection,Interstate,Paved,Dry,None,,,None,,,N,N,,,,,"0","0","0","0","0","0","0","0","0","0","0","0",$0,$0,"0","0","0","600","Mapped, On Network",-81.4642433136004,28.4660423388923,647810.060661705,498100.691898398,3/10/2020 3:52:53 PM,,,,,,,,5.000000000000000,11.000000000000000,,
"89824103",2020-00120180,Orlando PD,Short,04:10:20,06:50 AM,Orlando,Orange,I4 EBO (SR 400),I4 EBO SR 435 (S KIRKMAN RD) EXIT RAMP,"100",West,Rear End,"2","0","0","0",N,N,N,"$2,250",Cloudy,Dawn,,Rear End,E,Property Damage Only,Y,Front to Rear,Motor Vehicle in Transport,On Roadway,Non-Junction,N,Not at Intersection,Interstate,Paved,Dry,None,,,None,,,N,N,,,,,"0","0","0","0","0","0","0","0","0","0","0","0",$0,$0,"0","0","0","2250","Mapped, On Network",-81.4684044657146,28.4624812629458,647411.582413998,497696.939693237,7/13/2020 10:56:25 PM,,,,,,,,5.000000000000000,11.000000000000000,,
"88273783",FHPD20OFF023089,FHP,Long,03:17:20,09:15 AM,Orlando,Orange,INTERSTATE 4 (STATE ROAD 400),SR-482 (SAND LAKE ROAD),"2112",West,Other,"2","0","0","0",N,N,N,"$2,000",Clear,Daylight,,Other,W,Property Damage Only,N,Other,Motor Vehicle in Transport,On Roadway,Non-Junction,N,Not at Intersection,Interstate,Paved,Dry,None,,,None,,,N,N,,,,,"0","0","0","0","0","0","0","0","0","0","0","0",$0,$0,"0","0","0","2000","Mapped, On Network",-81.4732113066359,28.4589343264556,646949.948927116,497293.477312932,3/19/2020 3:41:52 PM,,,,,,,,5.000000000000000,11.000000000000000,,
"89824330",2020-00132708,Orlando PD,Short,04:23:20,11:20 AM,Orlando,Orange,I4 EBO (SR 400),I4 EB EXIT RAMP TO US 441 (S ORANGE BLOSSOM TR),"500",West,Rear End,"2","0","0","0",N,Y,N,"$2,000",Clear,Daylight,,Rear End,E,Property Damage Only,Y,Front to Rear,Motor Vehicle in Transport,On Roadway,Entrance/Exit Ramp,N,Not at Intersection,Interstate,Paved,Dry,None,,,None,,,N,Y,Work on Shoulder or Median,Activity Area,,N,"0","0","0","0","0","0","0","0","0","0","0","0",$0,$0,"0","0","0","2000","Mapped, On Network",-81.4694004121763,28.4617094887056,647316.021509662,497609.24944814,5/5/2020 4:53:08 PM,,,,,,,,5.000000000000000,11.000000000000000,,
"89821675",2020-00067592,Orlando PD,Long,02:23:20,08:19 PM,Orlando,Orange,I4 EBO,S KIRKMAN RD,"100",East,Sideswipe,"2","0","0","0",N,N,N,"$1,000",Clear,Dark - Lighted,,Same Direction Sideswipe,E,Property Damage Only,Y,"Sideswipe, Same Direction",Motor Vehicle in Transport,On Roadway,Entrance/Exit Ramp,N,Not at Intersection,Interstate,Paved,Dry,None,,,None,,,N,N,,,,,"0","0","1","0","0","0","0","0","0","0","0","0",$0,$0,"0","0","0","1000","Mapped, On Network",-81.4642189631047,28.4660306498312,647812.466702129,498099.442962507,3/6/2020 11:54:14 AM,,,,,,,,5.000000000000000,11.000000000000000,,