HSMV_Report_Number,Agency_Report_Number,Reporting_Agency,Form_Type,Crash_Date,Crash_Time,City,County,Crash_Street,Intersecting_Street,Offset_Distance,Offset_Direction,Crash_Type,Vehicles,Non_Motorists,Fatalities,Injuries,Alcohol_Related,Distraction_Related,Drug_Related,Estimated_Damages,Weather_Condition,Light_Condition,Street_Number,Crash_Type_Detailed,Crash_Type_Dir,Crash_Severity,Within_City_Limits,Manner_of_Collision,First_Harmful_Event,First_HE_Location,First_HE_Relation_to_Jct,First_HE_Within_Interchange,Type_of_Intersection,Road_Sys_Identifier,Type_of_Shoulder,Road_Surf_Cond,Contrib_Circum_Road1,Contrib_Circum_Road2,Contrib_Circum_Road3,Contrib_Circum_Env1,Contrib_Circum_Env2,Contrib_Circum_Env3,School_Bus_Related,Work_Zone_Related,Type_of_Work_Zone,Loc_in_Work_Zone,Workers_in_Work_Zone,Law_Enforcement_in_Work_Zone,Mopeds,Motorcycles,Passengers,Bicyclists,Pedestrians,Fatalities_Unrestrained,Injuries_Unrestrained,Possible_Injuries,Non_Incapacitating_Injuries,Incapacitating_Injuries,Fatalities_30_Days,Non_Traffic_Fatalities,Transported_by_EMS,Transported_by_Law_Enforcement,Transported_by_Other,Citations,Property_Dmg_Amt,Vehicle_Dmg_Amt,S4_Mapping,S4_Decimal_Degree_Longitude,S4_Decimal_Degree_Latitude,S4_Albers_X,S4_Albers_Y,S4_Mapping_Date,FID,ROADWAY,COLOR_CODE,DISTRICT,COUNTYDOT,COUNTY_2,MNG_DIST,BEGIN_POST,END_POST,Shape_Leng,Shape__Len
"88258807",FHPD20OFF016074,FHP,Short,02:23:20,08:20 PM,Kissimmee,Osceola,STATE ROAD 417,COUNTY ROAD 522 (OSCEOLA PARKWAY),"252",North,Rear End,"2","0","0","0",N,N,N,"$1,800",Clear,Dark - Lighted,,Rear End,S,Property Damage Only,N,Front to Rear,Motor Vehicle in Transport,On Roadway,Non-Junction,N,Not at Intersection,County,Curb,Dry,None,,,None,,,N,N,,,,,"0","0","1","0","0","0","0","0","0","0","0","0",$0,$0,"0","1","0","1800","Mapped, On Network",-81.5134107448787,28.3456833863584,643275.283768851,484638.899683433,3/17/2020 3:35:44 PM,,,,,,,,4.000000000000000,6.000000000000000,,
"88299648",FHPD20OFF027763,FHP,Long,04:14:20,01:12 PM,Orlando Expwy Auth,Orange,STATE RD 417,STATE RD 423,"2640",South,Other,"1","0","0","0",N,N,N,"$2,000",Cloudy,Daylight,,Single Vehicle,N,Property Damage Only,N,Other,Other Non-Fixed Object,On Roadway,Non-Junction,N,Not at Intersection,Turnpike/Toll,Paved,Dry,Debris,,,None,,,N,N,,,,,"0","0","0","0","0","0","0","0","0","0","0","0",$0,$0,"0","0","0","2000","Mapped, On Network",-81.4319425408378,28.3673003217989,651194.593962656,487202.440306181,5/21/2020 12:04:19 PM,,,,,,,,4.000000000000000,6.000000000000000,,
"88301278",FHPD20OFF013630,FHP,Long,02:15:20,10:45 PM,Orlando,Orange,STATE ROAD 535 - APOPKA VINELAND RD,LBV FACTORY STORES DRIVE,"1056",North,Rear End,"3","0","0","2",N,N,N,"$9,000",Cloudy,Dark - Not Lighted,,Rear End,S,Injury,N,Front to Rear,Motor Vehicle in Transport,On Roadway,Non-Junction,N,Not at Intersection,State,Unpaved,Dry,None,,,None,,,N,N,,,,,"0","0","2","0","0","0","0","0","2","0","0","0",$2,$0,"0","1","0","9000","Mapped, On Network",-81.4917958206954,28.351505665327,645376.537017087,485328.197078412,3/4/2020 3:29:08 PM,,,,,,,,4.000000000000000,6.000000000000000,,
"88303096",FHPD20OFF027780,FHP,Long,04:14:20,02:56 PM,Orlando Expwy Auth,Orange,STATE ROAD 417,BALCOMBE RD,"300",South,Sideswipe,"2","0","0","0",N,N,N,"$8,200",Clear,Daylight,,Same Direction Sideswipe,N,Property Damage Only,N,"Sideswipe, Same Direction",Motor Vehicle in Transport,On Roadway,Non-Junction,N,Not at Intersection,Turnpike/Toll,Paved,Dry,None,,,None,,,N,N,,,,,"0","0","0","0","0","0","0","0","0","0","0","0",$0,$0,"0","1","2200","6000","Mapped, On Network",-81.3978641150519,28.3701582386927,654520.787384955,487589.639827264,5/21/2020 12:06:28 PM,,,,,,,,9.000000000000000,15.000000000000000,,
"88303092",FHPD20OFF026201,FHP,Long,04:03:20,08:31 PM,Orlando Expwy Auth,Orange,STATE ROAD 417,US 441,"1320",South,Rear End,"2","0","0","1",N,N,N,"$5,500",Clear,Dark - Lighted,,Rear End,N,Injury,N,Angle,Motor Vehicle in Transport,On Roadway,Non-Junction,N,Not at Intersection,Turnpike/Toll,Paved,Dry,None,,,None,,,N,N,,,,,"0","0","0","0","0","0","0","0","1","0","0","0",$1,$0,"0","0","1000","4500","Mapped, On Network",-81.4007128222403,28.3713231216062,654239.463503947,487713.102722654,4/7/2020 1:50:39 PM,,,,,,,,9.000000000000000,15.000000000000000,,
"88243583",FHPD20OFF009502,FHP,Long,02:02:20,04:47 PM,Orlando Expwy Auth,Orange,STATE ROAD 417 NORTHBOUND,MILE MARKER 11,"0",,Rollover,"1","0","0","1",N,N,N,"$15,000",Clear,Daylight,,Rollover,N,Injury,N,Other,Overturn/Rollover,Off Roadway,Non-Junction,N,Not at Intersection,Turnpike/Toll,Paved,Dry,None,,,None,,,N,N,,,,,"0","0","0","0","0","0","0","0","1","0","0","0",$1,$0,"0","0","0","15000","Mapped, On Network",-81.4031310362883,28.3722102857323,654000.895318523,487806.623109154,2/13/2020 3:57:55 PM,,,,,,,,9.000000000000000,15.000000000000000,,
"89391976",20I011968,Osceola Co SO,Short,02:03:20,01:40 PM,Unincorporated,Osceola,CR 522,THACKER AVE N,"17",East,Other,"2","0","0","0",N,N,N,"$1,000",Clear,Daylight,,Other,E,Property Damage Only,N,Angle,Motor Vehicle in Transport,On Roadway,Intersection-Related,N,Four-Way Intersection,County,Unpaved,Dry,None,,,None,,,N,N,,,,,"0","0","0","0","0","0","0","0","0","0","0","0",$0,$0,"0","0","0","1000","Mapped, On Network",-81.4242347243853,28.3421358229076,652006.795312441,484424.085478082,3/16/2020 2:41:58 PM,,,,,,,,4.000000000000000,7.000000000000000,,
"88311635",FHPD20OFF022527,FHP,Short,03:14:20,08:42 PM,Kissimmee,Osceola,OSCEOLA PARKWAY,JOHN YOUNG PARKWAY,"35",West,Rear End,"2","0","0","0",N,Y,N,"$3,000",Clear,Dark - Lighted,,Rear End,W,Property Damage Only,N,Front to Rear,Motor Vehicle in Transport,On Roadway,Non-Junction,N,Not at Intersection,County,Unpaved,Dry,None,,,None,,,N,N,,,,,"0","0","2","0","0","0","0","0","0","0","0","0",$0,$0,"0","1","0","3000","Mapped, On Network",-81.4204336676276,28.3425512679534,652377.662456004,484477.987009039,3/17/2020 12:15:41 PM,,,,,,,,4.000000000000000,7.000000000000000,,
"88237907",FHPD20OFF011173,FHP,Short,02:07:20,10:21 PM,Kissimmee,Osceola,OSCEOLA PKWY,THACKER AVE,"30",West,Sideswipe,"2","0","0","0",N,Y,N,"$1,800",Clear,Dark - Not Lighted,,Same Direction Sideswipe,E,Property Damage Only,N,"Sideswipe, Same Direction",Motor Vehicle in Transport,On Roadway,Intersection-Related,N,Four-Way Intersection,County,Unpaved,Dry,None,,,None,,,N,N,,,,,"0","0","0","0","0","0","0","0","0","0","0","0",$0,$0,"0","1","0","1800","Mapped, On Network",-81.4245118074682,28.3421050352441,651979.761505849,484420.100823634,2/18/2020 4:59:49 PM,,,,,,,,4.000000000000000,7.000000000000000,,
"88281471",FHPD20OFF014168,FHP,Long,02:17:20,04:00 PM,Unincorporated,Osceola,OSCEOLA PARKWAY,OSCEOLA TRAIL ROAD,"0",,Left Turn,"2","0","0","2",N,Y,N,"$27,000",Clear,Daylight,,Left Leaving,N,Injury,N,Angle,Motor Vehicle in Transport,On Roadway,Intersection,N,T-Intersection,Local,Curb,Dry,None,,,None,,,N,N,,,,,"0","0","1","0","0","0","0","0","2","0","0","0",$2,$0,"0","2","0","27000","Mapped, On Network",-81.4574774929912,28.3455968602266,648746.940697113,484740.878652224,3/17/2020 12:57:25 PM,,,,,,,,4.000000000000000,7.000000000000000,,
"88299589",FHPD20OFF017127,FHP,Short,02:27:20,08:00 AM,Unincorporated,Osceola,W OSCEOLA PKWY,POINCIANA BLVD,"150",West,Rear End,"2","0","0","0",N,N,N,"$1,000",Clear,Daylight,,Rear End,W,Property Damage Only,N,Front to Rear,Motor Vehicle in Transport,On Roadway,Non-Junction,N,Not at Intersection,State,Unpaved,Dry,None,,,None,,,N,N,,,,,"0","0","0","0","0","0","0","0","0","0","0","0",$0,$0,"0","0","0","1000","Mapped, On Network",-81.4904994705739,28.340248188989,645528.781624758,484080.816519514,2/29/2020 2:59:26 PM,,,,,,,,4.000000000000000,7.000000000000000,,
"89952870","20002416",Kissimmee PD,Long,03:19:20,06:15 AM,Kissimmee,Osceola,W OSCEOLA PKWY,DYER BLVD,"0",East,Rear End,"2","0","0","0",N,Y,N,$0,Clear,Dark - Not Lighted,,Rear End,W,Property Damage Only,Y,Front to Rear,Motor Vehicle in Transport,On Roadway,Non-Junction,N,Four-Way Intersection,Local,Paved,Dry,None,,,None,,,N,N,,,,,"0","0","2","0","0","0","0","0","0","0","0","0",$0,$0,"0","0","0","0","Mapped, On Network",-81.4310700499576,28.3419699869223,651338.523712,484391.722038,3/23/2020 3:25:38 PM,,,,,,,,4.000000000000000,7.000000000000000,,
"88290140",FHPD20OFF012035,FHP,Long,02:11:20,07:50 AM,Kissimmee,Osceola,OSCEOLA PKWY (COUNTY ROAD 522),STOREY LAKE BLVD,"100",West,Unknown,"2","0","0","2",N,Y,N,"$4,500","Fog, Smog, Smoke",Dawn,,Unknown,,Injury,N,Angle,Motor Vehicle in Transport,On Roadway,Intersection-Related,N,Not at Intersection,County,Curb,Dry,None,,,Weather Conditions,,,N,N,,,,,"0","0","0","0","0","0","0","2","0","0","0","0",$0,$0,"0","1","0","4500","Mapped, On Network",-81.4708915146764,28.3441569247481,647438.047865752,484554.010538325,3/16/2020 6:00:48 PM,,,,,,,,4.000000000000000,7.000000000000000,,
"89324255","20001102",Kissimmee PD,Long,02:07:20,03:22 PM,Kissimmee,Osceola,DYER BLVD,W OSCEOLA PKWY,"5",South,Rear End,"2","0","0","0",N,N,N,"$2,500",Clear,Daylight,,Rear End,S,Property Damage Only,Y,Front to Rear,Motor Vehicle in Transport,On Roadway,Non-Junction,N,Four-Way Intersection,Local,Curb,Dry,None,,,None,,,N,N,,,,,"0","0","0","0","0","0","0","0","0","0","0","0",$0,$0,"0","0","0","2500","Mapped, On Network",-81.4310705807945,28.3419880259314,651338.430052018,484393.723876648,3/17/2020 4:09:05 PM,,,,,,,,4.000000000000000,7.000000000000000,,
"89952879","20002446",Kissimmee PD,Long,03:20:20,03:05 PM,Kissimmee,Osceola,W OSCEOLA PKWY,FLORA BLVD,"1500",West,Sideswipe,"2","0","0","0",N,N,N,$500,Clear,Daylight,,Same Direction Sideswipe,W,Property Damage Only,Y,"Sideswipe, Same Direction",Motor Vehicle in Transport,On Roadway,Non-Junction,N,Not at Intersection,Local,Curb,Dry,None,,,None,,,N,N,,,,,"0","0","0","0","0","0","0","0","0","0","0","0",$0,$0,"0","0","0","500","Mapped, On Network",-81.4391952929084,28.3448600683484,650537.017264619,484696.081507894,3/31/2020 3:05:31 PM,,,,,,,,4.000000000000000,7.000000000000000,,
"89392128",20I027292,Osceola Co SO,Long,03:14:20,10:09 PM,Unincorporated,Osceola,OSCEOLA PKWY W,VINELAND RD,"0",East,Off Road,"1","0","0","0",Y,N,N,"$10,000",Clear,Dark - Lighted,,Off Road,E,Property Damage Only,N,,Guardrail Face,On Roadway,Through Roadway,N,Other,County,Paved,Dry,None,,,None,,,N,N,,,,,"0","0","0","0","0","0","0","0","0","0","0","0",$0,$0,"0","1","0","10000","Mapped, On Network",-81.4781499999907,28.3415600243078,646733.902899999,484251.1236,3/24/2020 2:53:01 PM,,,,,,,,4.000000000000000,7.000000000000000,,
"89952842","20002287",Kissimmee PD,Long,03:13:20,10:12 PM,Kissimmee,Osceola,W OSCEOLA PKWY,FLORA BLVD,"2640",West,Sideswipe,"2","0","0","0",N,N,N,"$1,500",Clear,Dark - Lighted,,Same Direction Sideswipe,E,Property Damage Only,Y,"Sideswipe, Same Direction",Motor Vehicle in Transport,On Roadway,Non-Junction,N,Not at Intersection,Local,Unpaved,Dry,None,,,None,,,N,N,,,,,"0","0","2","0","0","0","0","0","0","0","0","0",$0,$0,"0","0","0","1500","Mapped, On Network",-81.4405581308978,28.3456417389781,650401.901150268,484780.104542568,3/18/2020 4:46:16 PM,,,,,,,,4.000000000000000,7.000000000000000,,
"88287496",FHPD20OFF018936,FHP,Long,03:03:20,05:09 PM,Kissimmee,Osceola,W OSCEOLA PKWY,N JOHN YOUNG PKWY,"0",South,Rear End,"2","0","0","0",N,Y,N,"$7,700",Clear,Daylight,,Rear End,S,Property Damage Only,N,Front to Rear,Motor Vehicle in Transport,On Roadway,Entrance/Exit Ramp,N,Not at Intersection,County,Paved,Dry,None,,,None,,,N,N,,,,,"0","0","0","0","0","0","0","0","0","0","0","0",$0,$0,"0","1","0","7700","Mapped, On Network",-81.420357335287,28.3425902605901,652385.038930501,484482.472685907,3/23/2020 2:38:15 PM,,,,,,,,4.000000000000000,7.000000000000000,,
"89324400","20001637",Kissimmee PD,Long,02:22:20,10:21 AM,Kissimmee,Osceola,DYER BLVD,W OSCEOLA PKWY,"150",South,Rear End,"2","0","0","0",N,N,N,$250,Clear,Daylight,,Rear End,E,Property Damage Only,Y,Front to Rear,Motor Vehicle in Transport,On Roadway,Non-Junction,N,Not at Intersection,Local,Curb,Dry,None,,,None,,,N,N,,,,,"0","0","0","0","0","0","0","0","0","0","0","0",$0,$0,"0","0","0","250","Mapped, On Network",-81.4308924778896,28.3416624568375,651356.605955306,484357.938069882,3/17/2020 3:25:01 PM,,,,,,,,4.000000000000000,7.000000000000000,,
"88296684",FHPD20OFF011489,FHP,Long,02:09:20,07:19 AM,Kissimmee,Osceola,COUNTY ROAD 522 (OSCEOLA PARKWAY),FLORA BOULEVARD,"0",West,Rear End,"2","0","0","0",N,Y,N,"$7,000",Clear,Daylight,,Rear End,W,Property Damage Only,N,Front to Rear,Motor Vehicle in Transport,On Roadway,Non-Junction,N,Not at Intersection,Local,Curb,Dry,None,,,None,,,N,N,,,,,"0","0","0","0","0","0","0","0","0","0","0","0",$0,$0,"0","1","0","7000","Mapped, On Network",-81.4352700618648,28.3426300062473,650926.138577,484456.452409,3/18/2020 4:31:46 PM,,,,,,,,4.000000000000000,7.000000000000000,,
"89952780","20002008",Kissimmee PD,Long,03:05:20,01:51 PM,Kissimmee,Osceola,W OSCEOLA PKWY,,"0",,Other,"2","0","0","0",N,N,N,"$1,000",Clear,Daylight,"3451",Backed Into,W,Property Damage Only,Y,Front to Rear,Motor Vehicle in Transport,In Parking Lane or Zone,Non-Junction,N,Not at Intersection,Other,Paved,Dry,None,,,None,,,N,N,,,,,"0","0","2","0","0","0","0","0","0","0","0","0",$0,$0,"0","0","0","1000","Mapped, On Network",-81.4412664610988,28.3460613829513,650331.644960222,484825.260705724,3/17/2020 12:41:53 PM,,,,,,,,4.000000000000000,7.000000000000000,,
"88311517",FHPD20OFF023479,FHP,Short,03:18:20,05:38 PM,Kissimmee,Osceola,SUNRISE BOULEVARD,OSCEOLA PARKWAY (COUNTY ROAD 522),"25",North,Rear End,"2","0","0","0",N,N,N,$25,Clear,Daylight,,Rear End,S,Property Damage Only,N,Front to Rear,Motor Vehicle in Transport,On Roadway,Non-Junction,N,Not at Intersection,Local,Paved,Dry,None,,,None,,,N,N,,,,,"0","0","0","0","0","0","0","0","0","0","0","0",$0,$0,"0","1","0","25","Mapped, On Network",-81.4703977351343,28.344574368803,647485.399606201,484601.351694815,3/23/2020 3:57:41 PM,,,,,,,,4.000000000000000,7.000000000000000,,
"88302497",FHPD20OFF020644,FHP,Long,03:08:20,08:50 PM,Orlando,Orange,JOHN YOUNG PARKWAY,DESTINATION PARKWAY,"10",North,Rear End,"3","0","0","0",N,Y,N,"$2,500",Clear,Dark - Lighted,,Rear End,S,Property Damage Only,N,Front to Rear,Motor Vehicle in Transport,On Roadway,Non-Junction,N,Not at Intersection,State,Curb,Dry,None,,,None,,,N,N,,,,,"0","0","4","0","0","0","0","0","0","0","0","0",$0,$0,"0","1","0","2500","Mapped, On Network",-81.4266286491255,28.439190733068,651547.697939867,495195.447252631,3/19/2020 2:02:05 PM,,,,,,,,13.000000000000000,10.000000000000000,,
"88308084",FHPD20OFF027417,FHP,Long,04:11:20,08:55 PM,Orlando,Orange,COUNTY ROAD 423 JOHN YOUNG PKWY,DESTINATION PARKWAY,"0",,Left Turn,"2","0","0","0",N,N,N,"$11,000",Clear,Dark - Lighted,,Left Leaving,E,Property Damage Only,N,Angle,Motor Vehicle in Transport,On Roadway,Non-Junction,N,Four-Way Intersection,Local,Unpaved,Dry,None,,,None,,,N,N,,,,,"0","0","1","0","0","0","0","0","0","0","0","0",$0,$0,"0","1","0","11000","Mapped, On Network",-81.4263547412377,28.4388335610403,651575.296416136,495156.348378591,6/8/2020 3:46:50 PM,,,,,,,,13.000000000000000,10.000000000000000,,
"88308092",FHPD20OFF029472,FHP,Long,04:25:20,10:00 AM,Orlando,Orange,STATE ROAD 482 SAND LAKE ROAD,COUNTY ROAD 423 JOHN YOUNG PARKWAY,"0",,Rear End,"2","0","0","2",N,N,N,$300,Clear,Daylight,,Rear End,W,Injury,N,Front to Rear,Motor Vehicle in Transport,On Roadway,Non-Junction,N,Four-Way Intersection,State,Unpaved,Dry,None,,,None,,,N,N,,,,,"0","0","0","0","0","0","0","0","2","0","0","0",$1,$0,"1","0","0","300","Mapped, On Network",-81.4275317725729,28.4504500490279,651433.347024924,496443.753401764,7/19/2020 11:41:43 PM,,,,,,,,13.000000000000000,10.000000000000000,,
"88299001",FHPD20OFF021595,FHP,Long,03:11:20,10:15 PM,Unincorporated,Orange,COUNTY ROAD 423 (JOHN YOUNG PARKWAY),STATE ROAD 482 (SAND LAKE ROAD),"2112",South,Rear End,"2","0","0","0",N,N,N,"$4,500",Clear,Dark - Lighted,,Rear End,N,Property Damage Only,N,Front to Rear,Motor Vehicle in Transport,On Roadway,Non-Junction,N,Not at Intersection,County,Paved,Dry,None,,,None,,,N,N,,,,,"0","0","1","0","0","0","0","0","0","0","0","0",$0,$0,"0","1","0","4500","Mapped, On Network",-81.4274717101686,28.447059387781,651447.07162169,496067.402917726,3/25/2020 3:22:33 PM,,,,,,,,13.000000000000000,10.000000000000000,,
"88295574",FHPD20OFF014499,FHP,Long,02:18:20,05:05 PM,Unincorporated,Orange,COUNTY ROAD 423 JOHN YOUNG PARKWAY,COMMERCE PARK BOULEVARD,"200",South,Rear End,"2","0","0","2",N,Y,N,"$13,000",Clear,Daylight,,Rear End,S,Injury,N,Front to Rear,Motor Vehicle in Transport,On Roadway,Non-Junction,N,Not at Intersection,County,Unpaved,Dry,None,,,None,,,N,N,,,,,"0","0","0","0","0","0","0","1","1","0","0","0",$1,$0,"0","1","0","13000","Mapped, On Network",-81.4229751753513,28.4300005202677,651926.101605647,494182.494798651,3/12/2020 4:23:00 PM,,,,,,,,13.000000000000000,10.000000000000000,,
"88281708",FHPD20OFF014932,FHP,Long,02:20:20,08:04 AM,Orlando,Orange,JOHN YOUNG PARKWAY,SAND LAKE ROAD,"50",North,Other,"2","0","0","0",N,N,N,$450,Clear,Daylight,,Other,N,Property Damage Only,N,Other,Motor Vehicle in Transport,On Roadway,Non-Junction,N,Not at Intersection,County,Paved,Dry,None,,,None,,,N,N,,,,,"0","0","0","0","0","0","0","0","0","0","0","0",$0,$0,"0","0","0","450","Mapped, On Network",-81.4273614453281,28.4500596843047,651450.896787882,496400.757610794,3/12/2020 6:06:27 PM,,,,,,,,13.000000000000000,10.000000000000000,,
"88208511",FHPK20OFF007633,FHP,Long,02:14:20,08:17 AM,Orlando,Orange,STATE ROAD 91,STATE ROAD 400,"5280",South,Other,"2","0","0","0",N,N,N,$350,Cloudy,Daylight,,Other,N,Property Damage Only,N,Other,Cargo/Equipment Loss or Shift,On Roadway,Non-Junction,N,Not at Intersection,Turnpike/Toll,Paved,Dry,None,,,None,,,N,N,,,,,"0","0","0","0","0","0","0","0","0","0","0","0",$0,$0,"0","1","0","350","Mapped, On Network",-81.4261981186115,28.4559847007304,651550.851455354,497060.998275327,2/17/2020 3:48:39 PM,,,,,,,,13.000000000000000,10.000000000000000,,
"88288661",FHPD20OFF011924,FHP,Short,02:10:20,06:10 PM,Orlando,Orange,COMMODITY CIRCLE,STATE ROAD 423 - JOHN YOUNG PARKWAY,"50",West,Rear End,"2","0","0","0",N,N,N,"$2,000",Clear,Daylight,,Rear End,E,Property Damage Only,N,Front to Rear,Motor Vehicle in Transport,On Roadway,Intersection-Related,N,Four-Way Intersection,County,Curb,Dry,None,,,None,,,N,N,,,,,"0","0","0","0","0","0","0","0","0","0","0","0",$0,$0,"0","1","0","2000","Mapped, On Network",-81.4279177078137,28.441763763157,651415.750652704,495478.507978801,6/26/2020 11:11:38 AM,,,,,,,,13.000000000000000,10.000000000000000,,
"88281568",FHPD20OFF013212,FHP,Long,02:14:20,05:35 PM,Orlando,Orange,SR 423 (JOHN YOUNG PARKWAY),SR 528,"200",North,Rear End,"2","0","0","2",N,Y,N,"$3,000",Clear,Daylight,,Rear End,S,Injury,N,Front to Rear,Motor Vehicle in Transport,On Roadway,Non-Junction,N,Not at Intersection,State,Unpaved,Dry,None,,,None,,,N,N,,,,,"0","0","1","0","0","0","0","2","0","0","0","0",$0,$0,"0","2","0","3000","Mapped, On Network",-81.4229596305187,28.425865113,651937.218084045,493723.362669218,2/19/2020 1:30:48 PM,,,,,,,,13.000000000000000,10.000000000000000,,
"88300444",FHPD20OFF022810,FHP,Long,03:16:20,06:50 AM,Orlando,Orange,S JOHN YOUNG PARKWAY,COMMERCE PARK DRIVE,"20",North,Rear End,"2","0","0","1",N,N,N,$50,Clear,Dawn,,Rear End,S,Injury,N,Front to Rear,Motor Vehicle in Transport,On Roadway,Non-Junction,N,Not at Intersection,Local,Paved,Dry,None,,,None,,,N,N,,,,,"0","0","0","0","0","0","0","1","0","0","0","0",$0,$0,"0","0","0","50","Mapped, On Network",-81.4230322838597,28.4309294160019,651918.363943884,494285.515574135,4/1/2020 1:25:10 PM,,,,,,,,13.000000000000000,10.000000000000000,,
"88316236",FHPD20OFF030109,FHP,Long,04:29:20,12:31 PM,Orlando,Orange,8205 JOHN YOUNG PARKWAY,STATE ROAD 482 (SAND LAKE ROAD),"0",,Other,"2","0","0","0",N,N,N,"$2,500",Clear,Daylight,,Parked Vehicle,E,Property Damage Only,N,Angle,Motor Vehicle in Transport,In Parking Lane or Zone,Non-Junction,N,Not at Intersection,Parking Lot,Curb,Dry,None,,,None,,,N,N,,,,,"0","0","0","0","0","0","0","0","0","0","0","0",$0,$0,"0","0","0","2500","Mapped, Not On Network",-81.42746,28.4448700490984,651453.287978264,495824.339433612,5/5/2020 4:45:47 PM,,,,,,,,13.000000000000000,10.000000000000000,,
"88326616",FHPD20OFF022074,FHP,Short,03:13:20,02:26 PM,Orlando,Orange,ENTRANCE TO 9000 SOUTH JOHN YOUNG PARKWAY,COUNTY ROAD 423 (S JOHN YOUNG PKWY),"15",West,Sideswipe,"2","0","0","0",N,N,N,"$3,000",Clear,Daylight,,Same Direction Sideswipe,E,Property Damage Only,N,"Sideswipe, Same Direction",Motor Vehicle in Transport,On Roadway,Non-Junction,N,Not at Intersection,Private Roadway,Curb,Dry,None,,,None,,,N,N,,,,,"0","0","0","0","0","0","0","0","0","0","0","0",$0,$0,"0","0","0","3000","Mapped, On Network",-81.4259215119706,28.4379344005097,651619.722961785,495057.396397965,6/10/2020 4:07:45 PM,,,,,,,,13.000000000000000,10.000000000000000,,
"88307214",FHPD20OFF016654,FHP,Short,02:25:20,06:39 PM,Unincorporated,Orange,COUNTY ROAD 423,SOUTHPARK CENTER LOOP,"3000",South,Rear End,"2","0","0","0",N,Y,N,"$2,500",Clear,Dark - Lighted,,Rear End,S,Property Damage Only,N,Front to Rear,Motor Vehicle in Transport,On Roadway,Non-Junction,N,Not at Intersection,County,Paved,Dry,None,,,None,,,N,N,,,,,"0","0","0","0","0","0","0","0","0","0","0","0",$0,$0,"0","1","0","2500","Mapped, On Network",-81.4230659311957,28.4314029368039,651913.976280894,494338.022946598,3/11/2020 7:04:19 PM,,,,,,,,13.000000000000000,10.000000000000000,,
"88299068",FHPD20OFF019862,FHP,Short,03:06:20,11:15 AM,Orlando,Orange,COUNTY ROAD 423  JOHN YOUNG PKWY,COMMERCE PARK DRIVE,"70",North,Other,"2","0","0","0",N,N,N,"$2,700",Clear,Daylight,,Other,S,Property Damage Only,N,Angle,Motor Vehicle in Transport,On Roadway,Non-Junction,N,Not at Intersection,County,Curb,Dry,None,,,None,,,N,N,,,,,"0","0","0","0","0","0","0","0","0","0","0","0",$0,$0,"0","1","0","2700","Mapped, On Network",-81.423030514606,28.4308745801047,651918.664131248,494279.430632001,3/25/2020 3:42:25 PM,,,,,,,,13.000000000000000,10.000000000000000,,
"88291630",FHPD20OFF018818,FHP,Short,03:03:20,11:30 AM,Orlando,Orange,COUNTRY ROAD 423 (JOHN YOUNG PARKWAY),COMMERCE PARK DRIVE,"0",,Right Turn,"2","0","0","0",N,Y,N,$600,Clear,Daylight,,Right/Through,W,Property Damage Only,N,Angle,Motor Vehicle in Transport,On Roadway,Intersection,N,Four-Way Intersection,County,Curb,Dry,None,,,None,,,N,N,,,,,"0","0","1","0","0","0","0","0","0","0","0","0",$0,$0,"0","1","0","600","Mapped, On Network",-81.4227188190863,28.4309582666119,651948.936108592,494289.359338228,3/25/2020 2:54:45 PM,,,,,,,,13.000000000000000,10.000000000000000,,
"88277665",FHPD20OFF009447,FHP,Long,02:02:20,01:00 PM,Unincorporated,Orange,COUNTY ROAD 423 (JOHN YOUNG PARKWAY),STATE ROAD 482 (SAND LAKE ROAD),"30",South,Sideswipe,"2","0","0","0",N,N,N,$500,Clear,Daylight,,Same Direction Sideswipe,S,Property Damage Only,N,"Sideswipe, Same Direction",Motor Vehicle in Transport,On Roadway,Non-Junction,N,Not at Intersection,State,Paved,Dry,None,,,None,,,N,N,,,,,"0","0","0","0","0","0","0","0","0","0","0","0",$0,$0,"0","0","0","500","Mapped, On Network",-81.427763587252,28.4493191505559,651413.312304763,496317.714492785,2/18/2020 1:45:04 PM,,,,,,,,13.000000000000000,10.000000000000000,,
"83669365",FHPD20OFF014944,FHP,Long,02:20:20,08:49 AM,Orlando,Orange,COUNTY ROAD 423 (JOHN YOUNG PKWY),DESTINATION PKWY,"20",South,Rear End,"2","0","0","0",N,N,N,"$1,000",Clear,Daylight,,Rear End,N,Property Damage Only,N,Front to Rear,Motor Vehicle in Transport,On Roadway,Non-Junction,N,Not at Intersection,County,Curb,Dry,None,,,None,,,N,N,,,,,"0","0","0","0","0","0","0","0","0","0","0","0",$0,$0,"0","0","0","1000","Mapped, On Network",-81.4261075304712,28.4385846423094,651600.034861914,495129.214712637,3/15/2020 3:08:16 PM,,,,,,,,13.000000000000000,10.000000000000000,,
"88179946",FHPK20OFF015053,FHP,Long,03:31:20,03:45 AM,Orlando,Orange,STATE ROAD 528 (BEACHLINE EXPRESSWAY),JOHN YOUNG PARKWAY,"2640",West,Rollover,"1","0","0","1",N,N,N,"$2,500",Clear,Dark - Lighted,,Rollover,E,Injury,N,Unknown,Overturn/Rollover,On Roadway,Non-Junction,N,Not at Intersection,Turnpike/Toll,Paved,Dry,None,,,None,,,N,N,,,,,"0","0","2","0","0","0","0","0","1","0","0","0",$2,$0,"0","0","0","2500","Mapped, On Network",-81.4222557313538,28.4220646404859,652014.845000499,493302.825646136,7/2/2020 4:35:42 PM,,,,,,,,13.000000000000000,10.000000000000000,,