HSMV_Report_Number,Agency_Report_Number,Reporting_Agency,Form_Type,Crash_Date,Crash_Time,City,County,Crash_Street,Intersecting_Street,Offset_Distance,Offset_Direction,Crash_Type,Vehicles,Non_Motorists,Fatalities,Injuries,Alcohol_Related,Distraction_Related,Drug_Related,Estimated_Damages,Weather_Condition,Light_Condition,Street_Number,Crash_Type_Detailed,Crash_Type_Dir,Crash_Severity,Within_City_Limits,Manner_of_Collision,First_Harmful_Event,First_HE_Location,First_HE_Relation_to_Jct,First_HE_Within_Interchange,Type_of_Intersection,Road_Sys_Identifier,Type_of_Shoulder,Road_Surf_Cond,Contrib_Circum_Road1,Contrib_Circum_Road2,Contrib_Circum_Road3,Contrib_Circum_Env1,Contrib_Circum_Env2,Contrib_Circum_Env3,School_Bus_Related,Work_Zone_Related,Type_of_Work_Zone,Loc_in_Work_Zone,Workers_in_Work_Zone,Law_Enforcement_in_Work_Zone,Mopeds,Motorcycles,Passengers,Bicyclists,Pedestrians,Fatalities_Unrestrained,Injuries_Unrestrained,Possible_Injuries,Non_Incapacitating_Injuries,Incapacitating_Injuries,Fatalities_30_Days,Non_Traffic_Fatalities,Transported_by_EMS,Transported_by_Law_Enforcement,Transported_by_Other,Citations,Property_Dmg_Amt,Vehicle_Dmg_Amt,S4_Mapping,S4_Decimal_Degree_Longitude,S4_Decimal_Degree_Latitude,S4_Albers_X,S4_Albers_Y,S4_Mapping_Date,FID,ROADWAY,COLOR_CODE,DISTRICT,COUNTYDOT,COUNTY_2,MNG_DIST,BEGIN_POST,END_POST,Shape_Leng,Shape__Len
"88302806",FHPD20OFF020036,FHP,Long,03:06:20,07:10 PM,Orlando,Orange,COUNTY ROAD 423 (JOHN YOUNG PARKWAY),STATE ROAD 482 (SAND LAKE ROAD),"4910",South,Rear End,"2","0","0","2",N,N,N,"$9,500",Clear,Dark - Not Lighted,,Rear End,N,Injury,N,Front to Rear,Motor Vehicle in Transport,On Roadway,Non-Junction,N,Not at Intersection,County,Paved,Dry,None,,,None,,,N,N,,,,,"0","0","1","0","0","0","0","2","0","0","0","0",$0,$0,"0","0","0","9500","Mapped, On Network",-81.4250917308811,28.437287089785,651702.324394807,494987.217404069,3/25/2020 3:41:43 PM,,,,,,,,13.000000000000000,10.000000000000000,,
"88288728",FHPD20OFF016891,FHP,Long,02:26:20,03:36 PM,Orlando,Orange,JOHN YOUNG  PKWY SR423,DESTINATION PKWY,"65",North,Rear End,"2","0","0","0",N,Y,N,"$2,000",Cloudy,Daylight,,Rear End,N,Property Damage Only,N,Front to Rear,Motor Vehicle in Transport,On Roadway,Non-Junction,N,Not at Intersection,State,Paved,Wet,None,,,None,,,N,N,,,,,"0","0","0","0","0","0","0","0","0","0","0","0",$0,$0,"0","1","0","2000","Mapped, On Network",-81.4258449017788,28.4383390451138,651626.272616849,495102.481355514,3/16/2020 3:52:34 PM,,,,,,,,13.000000000000000,10.000000000000000,,
"88286521",FHPD20OFF028005,FHP,Long,04:15:20,08:45 PM,Unincorporated,Orange,COUNTY ROAD 423 (JOHN YOUNG PARKWAY),DESTINATION PARKWAY / SOUTHPARK CIRC,"10",South,Rear End,"2","0","0","0",N,N,N,"$14,500",Clear,Dark - Lighted,,Rear End,N,Property Damage Only,N,Front to Rear,Motor Vehicle in Transport,On Roadway,Intersection-Related,N,Not at Intersection,County,Unpaved,Dry,None,,,None,,,N,N,,,,,"0","0","0","0","0","0","0","0","0","0","0","0",$0,$0,"0","1","0","14500","Mapped, On Network",-81.4272566554291,28.4416408138783,651480.64264155,495466.204571331,4/21/2020 10:33:26 AM,,,,,,,,13.000000000000000,10.000000000000000,,
"88295063",FHPD20OFF013946,FHP,Long,02:17:20,02:31 AM,Orlando,Orange,JOHN YOUNG PARKWAY,SAND LAKE ROAD,"50",North,Head On,"2","0","0","2",Y,Y,N,"$8,000",Clear,Dark - Lighted,,Head On,NS,Injury,N,Front to Front,Motor Vehicle in Transport,On Roadway,Non-Junction,N,Not at Intersection,County,Curb,Dry,None,,,None,,,N,N,,,,,"0","0","0","0","0","0","0","2","0","0","0","0",$0,$0,"0","2","0","8000","Mapped, On Network",-81.4273349013543,28.4507795205851,651451.823141733,496480.736813845,3/25/2020 3:52:49 PM,,,,,,,,13.000000000000000,10.000000000000000,,
"88327043",FHPD20OFF028001,FHP,Long,04:15:20,08:10 PM,Orlando,Orange,COUNTY ROAD 423 (JOHN YOUNG PARKWAY),STATE ROAD 482 (SAND LAKE ROAD),"10",North,Rear End,"2","0","0","1",N,N,N,"$5,500",Cloudy,Dark - Not Lighted,,Rear End,S,Injury,N,Front to Rear,Motor Vehicle in Transport,On Roadway,Intersection-Related,N,Not at Intersection,County,Curb,Wet,None,,,None,,,N,N,,,,,"0","0","0","0","0","0","0","1","0","0","0","0",$0,$0,"0","0","0","5500","Mapped, On Network",-81.4273490348704,28.4499523589488,651452.358261904,496388.86633582,6/29/2020 12:25:26 AM,,,,,,,,13.000000000000000,10.000000000000000,,
"88265424",FHPD20OFF012721,FHP,Long,02:13:20,10:45 AM,Orlando,Orange,8415 SOUTH PARK CIRCLE,COUNTY ROAD 423 (JOHN YOUNG PARKWAY),"0",West,Angle,"2","0","0","1",N,N,N,"$14,300",Clear,Daylight,,Right Angle,SE,Injury,N,Angle,Motor Vehicle in Transport,In Parking Lane or Zone,Non-Junction,N,Not at Intersection,County,Paved,Dry,None,,,None,,,N,N,,,,,"0","0","1","0","0","0","0","1","0","0","0","0",$0,$0,"0","0","0","14300","Mapped, Not On Network",-81.42645,28.4388700490783,651565.901606319,495160.205395898,2/24/2020 1:02:13 PM,,,,,,,,13.000000000000000,10.000000000000000,,
"89822850",2020-00086839,Orlando PD,Short,03:09:20,10:40 AM,Orlando,Orange,I4 EBO (SR 400),SR 91 (FLORIDA TURNPIKE) EXIT RAMP,"1000",South,Sideswipe,"2","0","0","0",N,N,N,"$7,000",Cloudy,Daylight,,Same Direction Sideswipe,S,Property Damage Only,Y,Angle,Motor Vehicle in Transport,On Roadway,Non-Junction,N,Not at Intersection,Interstate,Paved,Dry,None,,,None,,,N,N,,,,,"0","0","1","0","0","0","0","0","0","0","0","0",$0,$0,"0","1","0","7000","Mapped, On Network",-81.4519469590361,28.4770851764241,648986.228105537,499351.577698456,3/24/2020 3:23:43 PM,,,,,,,,11.000000000000000,12.000000000000000,,
"89820917",2020-00091565,Orlando PD,Long,03:12:20,06:00 PM,Orlando,Orange,I-4/SR-400 WBO,FLORIDA TURNPIKE (SR91),"0",West,Rear End,"3","0","0","0",N,Y,N,"$9,500",Clear,Daylight,,Rear End,W,Property Damage Only,Y,Front to Rear,Motor Vehicle in Transport,On Roadway,Entrance/Exit Ramp,N,Not at Intersection,State,Paved,Dry,None,,,None,,,N,N,,,,,"0","0","0","0","0","0","0","0","0","0","0","0",$0,$0,"0","0","0","9500","Mapped, On Network",-81.4490616671096,28.4792456214784,649263.164895017,499597.286452711,3/25/2020 2:44:54 PM,,,,,,,,11.000000000000000,12.000000000000000,,
"89822554",2020-00089245,Orlando PD,Short,03:11:20,06:50 AM,Orlando,Orange,STATE ROAD 400 (INTERSTATE 4 WB),STATE ROAD 435 (SOUTH KIRKMAN ROAD),"1195",East,Rear End,"2","0","0","0",N,N,N,"$2,000",Clear,Dawn,,Rear End,W,Property Damage Only,Y,Front to Rear,Motor Vehicle in Transport,On Roadway,Non-Junction,N,Not at Intersection,Interstate,Paved,Dry,None,,,None,,,N,N,,,,,"0","0","0","0","0","0","0","0","0","0","0","0",$0,$0,"0","0","0","2000","Mapped, On Network",-81.4561162746272,28.4729444872695,648588.361676439,498883.414366677,3/19/2020 12:30:09 PM,,,,,,,,11.000000000000000,12.000000000000000,,
"89820749",2020-00082121,Orlando PD,Long,03:05:20,03:30 PM,Orlando,Orange,I4 WBO (SR 400),EXIT 77 (FLORIDA TURNPIKE),"50",East,Rear End,"2","0","0","2",N,N,N,"$1,000",Clear,Daylight,,Rear End,E,Injury,Y,Front to Rear,Motor Vehicle in Transport,On Roadway,Non-Junction,N,Not at Intersection,State,Paved,Dry,None,,,None,,,N,N,,,,,"0","0","1","0","0","0","0","2","0","0","0","0",$0,$0,"0","0","0","1000","Mapped, On Network",-81.4486034936729,28.4789399273726,649308.630971329,499564.270679668,3/27/2020 3:23:30 PM,,,,,,,,11.000000000000000,12.000000000000000,,
"89822157",2020-00077607,Orlando PD,Long,03:02:20,11:49 AM,Orlando,Orange,I4 WBO (SR 400),SR 91 (FLORIDA TURNPIKE) ENTRANCE RAMP,"1000",South,Sideswipe,"2","0","0","0",N,N,N,"$5,000",Cloudy,Daylight,,Same Direction Sideswipe,S,Property Damage Only,Y,Angle,Motor Vehicle in Transport,On Roadway,Entrance/Exit Ramp,N,Not at Intersection,Interstate,Curb,Dry,None,,,None,,,N,N,,,,,"0","0","3","0","0","0","0","0","0","0","0","0",$0,$0,"0","1","0","5000","Mapped, On Network",-81.4522475106182,28.4768679584737,648957.361875805,499326.85260894,3/24/2020 3:20:49 PM,,,,,,,,11.000000000000000,12.000000000000000,,
"89820082",2020-00048041,Orlando PD,Long,02:08:20,09:05 PM,Orlando,Orange,SR 400 (I-4 EBO),GRAND NATIONAL DR,"0",East,Sideswipe,"3","0","0","2",N,N,N,"$20,000",Clear,Dark - Lighted,,Same Direction Sideswipe,E,Injury,Y,Front to Rear,Motor Vehicle in Transport,On Roadway,Non-Junction,N,Not at Intersection,Interstate,Paved,Dry,None,,,None,,,N,N,,,,,"0","0","4","0","0","0","0","2","0","0","0","0",$0,$0,"0","0","0","20000","Mapped, On Network",-81.4566951792973,28.4724407760694,648532.952786477,498826.319065731,2/18/2020 11:08:02 AM,,,,,,,,11.000000000000000,12.000000000000000,,
"89823689",2020-00099489,Orlando PD,Short,03:19:20,03:40 PM,Orlando,Orange,I4 EBO,TPK NBO TP,"1000",West,Sideswipe,"3","0","0","0",N,N,N,"$13,000",Clear,Daylight,,Same Direction Sideswipe,E,Property Damage Only,Y,"Sideswipe, Same Direction",Motor Vehicle in Transport,On Roadway,Non-Junction,N,Not at Intersection,Interstate,Paved,Dry,None,,,None,,,N,N,,,,,"0","0","0","0","0","0","0","0","0","0","0","0",$0,$0,"0","0","0","13000","Mapped, On Network",-81.4514861045124,28.4767798949572,649031.955302921,499318.61210675,4/6/2020 5:13:57 PM,,,,,,,,11.000000000000000,12.000000000000000,,
"89821452",2020-00076360,Orlando PD,Short,03:01:20,11:42 AM,Orlando,Orange,I4 WBO (STATE ROAD 400),S KIRKMAN RD (STATE ROAD 435),"500",East,Unknown,"2","0","0","0",N,N,N,"$2,000",Clear,Daylight,,Unknown,,Property Damage Only,Y,Angle,Motor Vehicle in Transport,Median,Non-Junction,N,Not at Intersection,Interstate,Paved,Dry,None,,,None,,,N,N,,,,,"0","0","0","0","0","0","0","0","0","0","0","0",$0,$0,"0","0","0","2000","Mapped, On Network",-81.4516969632507,28.477322521852,649010.108616771,499378.435574131,3/16/2020 3:33:33 PM,,,,,,,,11.000000000000000,12.000000000000000,,
"89820862",2020-00039327,Orlando PD,Long,02:02:20,01:55 AM,Orlando,Orange,INTERSTATE 4 EAST BOUND,EXIT 77 FLORIDA TURNPIKE SOUTH,"250",West,Rear End,"2","0","0","0",N,N,N,"$4,200",Clear,Dark - Lighted,,Rear End,E,Property Damage Only,Y,Front to Rear,Motor Vehicle in Transport,On Roadway,Non-Junction,N,Not at Intersection,Interstate,Paved,Dry,None,,,None,,,N,N,,,,,"0","0","1","0","0","0","0","0","0","0","0","0",$0,$0,"0","0","0","4200","Mapped, On Network",-81.4504360843779,28.4776684945364,649132.504829252,499419.396547819,2/14/2020 9:14:49 AM,,,,,,,,11.000000000000000,12.000000000000000,,
"89820591",2020-00039667,Orlando PD,Long,02:02:20,11:23 AM,Orlando,Orange,I4 EBO,TPK NBO TP,"0",,Rear End,"2","0","0","0",N,N,N,"$5,000",Clear,Daylight,,Rear End,S,Property Damage Only,Y,Front to Rear,Motor Vehicle in Transport,On Roadway,Entrance/Exit Ramp,Y,Not at Intersection,Turnpike/Toll,Paved,Dry,None,None,None,None,None,None,N,Y,Intermittent or Moving Work,Activity Area,N,N,"0","0","0","0","0","0","0","0","0","0","0","0",$0,$0,"0","0","0","5000","Mapped, On Network",-81.4486680606717,28.4790841196378,649301.991445473,499580.150176812,2/27/2020 5:47:25 PM,,,,,,,,11.000000000000000,12.000000000000000,,
"88281701",FHPD20OFF014269,FHP,Short,02:18:20,06:54 AM,Orlando,Orange,ORANGE BLOSSOM TRAIL,DEERFIELD BOULEVARD,"0",,Right Turn,"2","0","0","0",N,Y,N,"$1,500",Clear,Daylight,,Right/Through,E,Property Damage Only,N,Angle,Motor Vehicle in Transport,On Roadway,Intersection,N,Four-Way Intersection,U.S.,Curb,Dry,None,,,None,,,N,N,,,,,"0","0","0","0","0","0","0","0","0","0","0","0",$0,$0,"0","1","0","1500","Mapped, On Network",-81.404636672292,28.3784813068476,653838.993476906,488499.807800463,2/21/2020 10:30:42 AM,,,,,,,,9.000000000000000,14.000000000000000,,
"88289259",FHPD20OFF015514,FHP,Short,02:21:20,06:42 PM,Unincorporated,Orange,US HIGHWAY 441,BARLEY CLUB DRIVE,"250",North,Sideswipe,"2","0","0","0",N,N,N,"$10,000",Clear,Dusk,,Same Direction Sideswipe,S,Property Damage Only,N,"Sideswipe, Same Direction",Motor Vehicle in Transport,On Roadway,Non-Junction,N,Not at Intersection,U.S.,Curb,Dry,None,,,None,,,N,N,,,,,"0","0","0","0","0","0","0","0","0","0","0","0",$0,$0,"0","1","0","10000","Mapped, On Network",-81.4047484344781,28.4127211326051,653748.042147961,492301.297760831,3/16/2020 11:25:42 AM,,,,,,,,9.000000000000000,14.000000000000000,,
"88208557",FHPL20OFF011004,FHP,Long,02:20:20,07:05 AM,Orlando,Orange,STATE ROAD 528(BEACHLINE XPWY),MM 4,"0",,Other,"2","0","0","0",N,N,N,"$2,750",Clear,Daylight,,Backed Into,W,Property Damage Only,N,Front to Rear,Motor Vehicle in Transport,On Roadway,Entrance/Exit Ramp,Y,Not at Intersection,State,Paved,Dry,None,,,None,,,N,N,,,,,"0","0","0","0","0","0","0","0","0","0","0","0",$0,$0,"0","1","0","2750","Mapped, On Network",-81.4052424841024,28.4343967706935,653649.095537181,494706.970897831,2/24/2020 2:42:26 PM,,,,,,,,9.000000000000000,14.000000000000000,,
"88286582",FHPD20OFF009981,FHP,Long,02:04:20,10:00 AM,Unincorporated,Orange,9499 ORANGE BLOSSOM TRL S,SAMS CLUB PARKING LOT,"0",,Angle,"2","0","0","0",N,N,N,$550,Clear,Daylight,,Right Angle,SW,Property Damage Only,N,Angle,Motor Vehicle in Transport,On Roadway,Non-Junction,N,Not at Intersection,Parking Lot,Curb,Dry,None,,,None,,,N,N,,,,,"0","0","0","0","0","0","0","0","0","0","0","0",$0,$0,"0","0","0","550","Mapped, Not On Network",-81.40471,28.4213700490195,653731.585774662,493261.683577402,2/26/2020 4:16:47 PM,,,,,,,,9.000000000000000,14.000000000000000,,
"88300385",FHPD20OFF013355,FHP,Long,02:15:20,12:31 AM,Orlando,Orange,U.S. 441 (S ORANGE BLOSSOM TRAIL),PEPPERMILL BOULEVARD,"5",North,Rear End,"2","0","0","3",N,N,N,"$9,000",Clear,Dark - Lighted,,Rear End,S,Injury,N,Front to Rear,Motor Vehicle in Transport,On Roadway,Non-Junction,N,Not at Intersection,U.S.,Curb,Dry,None,,,None,,,N,N,,,,,"0","0","1","0","0","0","0","3","0","0","0","0",$0,$0,"0","0","0","9000","Mapped, On Network",-81.4046609611606,28.3909574291506,653807.459260997,489885.008388067,2/17/2020 1:16:02 PM,,,,,,,,9.000000000000000,14.000000000000000,,
"88305417",FHPD20OFF015198,FHP,Long,02:20:20,07:40 PM,Orlando,Orange,US 441 (S ORANGE BLOSSOM TRL),GINGER MILL BLVD,"50",North,Rear End,"4","0","0","4",N,Y,N,"$8,000",Clear,Dusk,,Rear End,S,Injury,N,Front to Rear,Motor Vehicle in Transport,On Roadway,Non-Junction,N,Not at Intersection,U.S.,Curb,Dry,None,,,None,,,N,N,,,,,"0","0","0","0","0","0","0","4","0","0","0","0",$1,$0,"0","1","0","8000","Mapped, On Network",-81.4047362145184,28.3874953426017,653808.192352566,489500.450659644,3/16/2020 11:51:08 AM,,,,,,,,9.000000000000000,14.000000000000000,,
"88306227",FHPD20OFF023532,FHP,Long,03:18:20,10:59 PM,Unincorporated,Orange,US 441 (ORANGE BLOSSOM TRAIL),STABLE DRIVE,"5",South,Sideswipe,"2","0","0","0",N,N,N,$500,Clear,Dark - Lighted,,Opposing Sideswipe,NS,Property Damage Only,N,"Sideswipe, Same Direction",Motor Vehicle in Transport,On Roadway,Non-Junction,N,Not at Intersection,U.S.,Curb,Dry,None,,,None,,,N,N,,,,,"0","0","0","0","0","0","0","0","0","0","0","0",$0,$0,"0","0","0","500","Mapped, On Network",-81.4044202093192,28.3831020164188,653849.361015128,489013.300716866,4/1/2020 4:02:25 PM,,,,,,,,9.000000000000000,14.000000000000000,,
"88291625",FHPD20OFF016851,FHP,Short,02:26:20,02:10 PM,Orlando,Orange,US 441 (SOUTH ORANGE BLOSSOM TRAIL),CENTRAL FLORIDA PARKWAY,"100",North,Sideswipe,"2","0","0","0",N,N,N,"$1,250",Rain,Daylight,,Same Direction Sideswipe,S,Property Damage Only,N,"Sideswipe, Same Direction",Motor Vehicle in Transport,On Roadway,Intersection-Related,N,Not at Intersection,U.S.,Curb,Wet,Road Surface Condition,,,Weather Conditions,,,N,N,,,,,"0","0","0","0","0","0","0","0","0","0","0","0",$0,$0,"0","0","0","1250","Mapped, On Network",-81.4047149525191,28.4080354140464,653762.266480494,491781.101698842,3/16/2020 11:49:48 AM,,,,,,,,9.000000000000000,14.000000000000000,,
"88291637",FHPD20OFF019570,FHP,Long,03:05:20,03:30 PM,Orlando,Orange,US 441 (SOUTH ORANGE BLOSSOM TRAIL),CENTRAL FLORIDA PARKWAY,"1320",North,Rear End,"2","0","0","0",N,Y,N,$550,Clear,Daylight,,Rear End,N,Property Damage Only,N,Front to Rear,Motor Vehicle in Transport,On Roadway,Non-Junction,N,Not at Intersection,U.S.,Curb,Dry,None,,,None,,,N,N,,,,,"0","0","0","0","0","0","0","0","0","0","0","0",$0,$0,"0","1","0","550","Mapped, On Network",-81.404526050281,28.411305807855,653773.090366537,492144.608986456,3/18/2020 1:21:54 PM,,,,,,,,9.000000000000000,14.000000000000000,,
"88315600",FHPD20OFF030223,FHP,Short,04:29:20,10:19 PM,Orlando,Orange,9319 SOUTH ORANGE BLOSSOM TRAIL,ORANGE BLOSSOM TRAIL,"200",East,Off Road,"1","0","0","0",N,Y,N,"$1,800",Clear,Dark - Lighted,,Off Road,E,Property Damage Only,N,Other,Other Fixed Object,In Parking Lane or Zone,Non-Junction,N,Not at Intersection,Parking Lot,Curb,Dry,None,,,None,,,N,N,,,,,"0","0","0","0","0","0","0","0","0","0","0","0",$0,$0,"0","0","1000","800","Mapped, Not On Network",-81.40472,28.4249600490316,653722.217966607,493660.267891062,5/5/2020 4:48:36 PM,,,,,,,,9.000000000000000,14.000000000000000,,
"88299077",FHPD20OFF020743,FHP,Short,03:09:20,09:00 AM,Orlando,Orange,TAFT VINELAND ROAD,US 441 ORANGE BLOSSOM TRAIL,"0",,Left Turn,"2","0","0","0",N,N,N,$700,Clear,Daylight,,Left Rear,S,Property Damage Only,N,Angle,Motor Vehicle in Transport,On Roadway,Non-Junction,N,Not at Intersection,U.S.,Curb,Dry,None,,,None,,,N,N,,,,,"0","0","0","0","0","0","0","0","0","0","0","0",$0,$0,"0","1","0","700","Mapped, On Network",-81.4045934745001,28.4213490823383,653743.025349533,493259.595372735,4/1/2020 1:18:11 PM,,,,,,,,9.000000000000000,14.000000000000000,,
"88311493",FHPD20OFF018941,FHP,Long,03:03:20,05:14 PM,Orlando,Orange,ORANGE BLOSSOM TRAIL,TEN POINT LANE,"100",North,Rear End,"4","0","0","4",N,N,N,"$21,500",Clear,Daylight,,Rear End,N,Injury,N,Front to Rear,Motor Vehicle in Transport,On Roadway,Non-Junction,N,Not at Intersection,U.S.,Paved,Dry,None,,,None,,,N,N,,,,,"0","0","0","0","0","0","0","4","0","0","0","0",$0,$0,"0","1","0","21500","Mapped, On Network",-81.4044511046628,28.3778535178993,653858.607579151,488430.485037992,3/18/2020 3:35:50 PM,,,,,,,,9.000000000000000,14.000000000000000,,
"88304277",FHPD20OFF019680,FHP,Short,03:05:20,06:45 PM,Unincorporated,Orange,US HIGHWAY 441 ORANGE BLOSSOM TRL S,WATERBRIDGE BOULEVARD,"50",North,Rear End,"2","0","0","0",N,Y,N,$320,Clear,Daylight,,Rear End,S,Property Damage Only,N,Front to Rear,Motor Vehicle in Transport,On Roadway,Non-Junction,N,Not at Intersection,U.S.,Curb,Dry,None,,,None,,,N,N,,,,,"0","0","0","0","0","0","0","0","0","0","0","0",$0,$0,"0","0","0","320","Mapped, On Network",-81.4047111201856,28.4033364381723,653773.623297805,491259.372555234,3/18/2020 1:12:35 PM,,,,,,,,9.000000000000000,14.000000000000000,,
"88304272",FHPD20OFF019142,FHP,Long,03:04:20,11:50 AM,Unincorporated,Orange,11681 S ORANGE BLOSSOM TRAIL,WHISPER LAKES BOULEVARD,"400",South,Other,"2","0","0","0",N,Y,N,"$2,000",Clear,Daylight,,Backed Into,E,Property Damage Only,N,Rear to Side,Motor Vehicle in Transport,In Parking Lane or Zone,Non-Junction,N,Not at Intersection,U.S.,Curb,Dry,None,,,None,,,N,N,,,,,"0","0","2","0","0","0","0","0","0","0","0","0",$0,$0,"0","0","0","2000","Mapped, On Network",-81.404241951738,28.3969722662913,653834.369585444,490553.71089752,3/19/2020 1:56:24 PM,,,,,,,,9.000000000000000,14.000000000000000,,
"88204642",FHPK20OFF013934,FHP,Long,03:20:20,02:11 PM,Orlando,Orange,STATE ROAD 528 (BEACHLINE EXPRESSWAY),US 441 (ORANGE BLOSSOM TRAIL),"0",,Sideswipe,"2","0","0","0",N,N,N,$200,Clear,Daylight,,Same Direction Sideswipe,,Property Damage Only,N,"Sideswipe, Same Direction",Motor Vehicle in Transport,On Roadway,Non-Junction,N,Not at Intersection,U.S.,Paved,Dry,None,,,None,,,N,N,,,,,"0","0","0","0","0","0","0","0","0","0","0","0",$0,$0,"0","0","0","200","Mapped, On Network",-81.4048092865188,28.4342223863841,653691.843821728,494688.499798406,4/6/2020 5:02:42 PM,,,,,,,,9.000000000000000,14.000000000000000,,
"88308122",FHPD20OFF020701,FHP,Long,03:09:20,06:10 AM,Orlando,Orange,UNITED STATES 441 (ORANGE BLOSSOM TRAIL),WETHERBEE ROAD,"300",North,Rear End,"2","0","0","0",N,N,N,$300,Clear,Daylight,,Rear End,S,Property Damage Only,N,Front to Rear,Motor Vehicle in Transport,On Roadway,Non-Junction,N,Not at Intersection,U.S.,Curb,Dry,None,,,None,,,N,N,,,,,"0","0","1","0","0","0","0","0","0","0","0","0",$0,$0,"0","0","0","300","Mapped, On Network",-81.4046528838811,28.3877792024984,653815.677174319,489532.139745019,4/1/2020 1:41:11 PM,,,,,,,,9.000000000000000,14.000000000000000,,
"88281691",FHPD20OFF012321,FHP,Long,02:12:20,06:41 AM,Orlando,Orange,WETHERBEE ROAD,ORANGE BLOSSOM TRAIL,"528",East,Left Turn,"2","0","0","1",N,Y,N,"$5,000",Clear,Dawn,,Left Leaving,S,Injury,N,Angle,Motor Vehicle in Transport,On Roadway,Driveway/Alley Access Related,N,Not at Intersection,County,Curb,Dry,None,,,None,,,N,N,,,,,"0","0","0","0","0","0","0","1","0","0","0","0",$0,$0,"0","1","0","5000","Mapped, On Network",-81.4044458790441,28.3872108927679,653837.246872966,489469.465196187,2/20/2020 2:40:35 PM,,,,,,,,9.000000000000000,14.000000000000000,,
"88292263",FHPD20OFF020767,FHP,Short,03:09:20,10:56 AM,Orlando,Orange,CENTRAL FLORIDA PKWY,ORANGE BLOSSOM TRAIL,"20",West,Unknown,"2","0","0","0",N,N,N,$900,Clear,Daylight,,Unknown,,Property Damage Only,N,Angle,Motor Vehicle in Transport,On Roadway,Non-Junction,N,Not at Intersection,County,Curb,Dry,None,,,None,,,N,N,,,,,"0","0","0","0","0","0","0","0","0","0","0","0",$0,$0,"0","2","0","900","Mapped, On Network",-81.4050372181728,28.407318699813,653732.435430194,491700.860300805,3/25/2020 3:11:57 PM,,,,,,,,9.000000000000000,14.000000000000000,,
"88292273",FHPD20OFF026261,FHP,Long,04:04:20,12:45 PM,Orlando,Orange,ORANGE BLOSSOM TRAIL,CENTRAL FLORIDA PKWY,"300",North,Rear End,"2","0","0","2",N,N,N,"$8,000",Clear,Daylight,,Rear End,S,Injury,N,Front to Rear,Motor Vehicle in Transport,On Roadway,Non-Junction,N,Not at Intersection,County,Paved,Dry,None,,,None,,,N,N,,,,,"0","0","0","0","0","0","0","2","0","0","0","0",$2,$0,"0","2","0","8000","Mapped, On Network",-81.4045420935669,28.4050112792866,653786.23409926,491445.681497155,7/16/2020 10:36:56 PM,,,,,,,,9.000000000000000,14.000000000000000,,
"88304292",FHPD20OFF021416,FHP,Short,03:11:20,01:35 PM,Unincorporated,Orange,US HIGHWAY 441(ORANGE BLOSSOM TRAIL),CENTRAL FLORIDA PARKWAY,"1000",North,Sideswipe,"3","0","0","0",N,Y,N,"$1,750",Clear,Daylight,,Same Direction Sideswipe,S,Property Damage Only,N,"Sideswipe, Same Direction",Motor Vehicle in Transport,On Roadway,Non-Junction,N,Not at Intersection,U.S.,Curb,Dry,None,,,None,,,N,N,,,,,"0","0","0","0","0","0","0","0","0","0","0","0",$0,$0,"0","1","0","1750","Mapped, On Network",-81.4048239252399,28.4102539834743,653746.4280221,492027.209791662,3/30/2020 1:33:59 PM,,,,,,,,9.000000000000000,14.000000000000000,,
"88295554",FHPD20OFF013126,FHP,Long,02:14:20,02:50 PM,Unincorporated,Orange,TAFT VINELAND ROAD,US HIGHWAY 441 ORNAGE BLOSSOM TRAIL,"50",West,Rear End,"2","0","0","0",N,Y,N,$100,Clear,Daylight,,Rear End,E,Property Damage Only,N,Front to Rear,Motor Vehicle in Transport,On Roadway,Non-Junction,N,Not at Intersection,County,Curb,Dry,None,,,None,,,N,N,,,,,"0","0","0","0","0","0","0","0","0","0","0","0",$0,$0,"0","0","0","100","Mapped, On Network",-81.4051025639281,28.4213139251042,653693.343114471,493254.644348113,3/5/2020 1:43:43 PM,,,,,,,,9.000000000000000,14.000000000000000,,
"88306643",FHPD20OFF025827,FHP,Long,04:01:20,09:06 AM,Orlando,Orange,CONSULATE DRIVE,U.S. 441 (S ORANGE BLOSSOM TRAIL),"10",West,Rear End,"2","0","0","1",N,N,N,"$1,400",Clear,Daylight,,Rear End,E,Injury,N,Front to Rear,Motor Vehicle in Transport,On Roadway,Intersection-Related,N,Not at Intersection,County,Curb,Dry,None,,,None,,,N,N,,,,,"0","0","0","0","0","0","0","1","0","0","0","0",$0,$0,"0","1","0","1400","Mapped, On Network",-81.4047506761771,28.4281493787161,653711.765632388,494014.322389901,4/3/2020 4:19:59 PM,,,,,,,,9.000000000000000,14.000000000000000,,
"88289365",FHPD20OFF010306,FHP,Long,02:05:20,01:20 PM,Unincorporated,Orange,US HIGHWAY 441 (ORANGE BLOSSOM TRL),PRINCIPAL ROW,"350",South,Unknown,"2","0","0","0",N,Y,N,"$3,000",Clear,Daylight,,Unknown,,Property Damage Only,N,Angle,Motor Vehicle in Transport,On Roadway,Driveway/Alley Access Related,N,Not at Intersection,U.S.,Curb,Dry,None,,,None,,,N,N,,,,,"0","0","0","0","0","0","0","0","0","0","0","0",$0,$0,"0","1","0","3000","Mapped, Not On Network",-81.4047200920562,28.4261199633596,653719.498100001,493789.0553,2/13/2020 2:29:47 PM,,,,,,,,9.000000000000000,14.000000000000000,,