HSMV_Report_Number,Agency_Report_Number,Reporting_Agency,Form_Type,Crash_Date,Crash_Time,City,County,Crash_Street,Intersecting_Street,Offset_Distance,Offset_Direction,Crash_Type,Vehicles,Non_Motorists,Fatalities,Injuries,Alcohol_Related,Distraction_Related,Drug_Related,Estimated_Damages,Weather_Condition,Light_Condition,Street_Number,Crash_Type_Detailed,Crash_Type_Dir,Crash_Severity,Within_City_Limits,Manner_of_Collision,First_Harmful_Event,First_HE_Location,First_HE_Relation_to_Jct,First_HE_Within_Interchange,Type_of_Intersection,Road_Sys_Identifier,Type_of_Shoulder,Road_Surf_Cond,Contrib_Circum_Road1,Contrib_Circum_Road2,Contrib_Circum_Road3,Contrib_Circum_Env1,Contrib_Circum_Env2,Contrib_Circum_Env3,School_Bus_Related,Work_Zone_Related,Type_of_Work_Zone,Loc_in_Work_Zone,Workers_in_Work_Zone,Law_Enforcement_in_Work_Zone,Mopeds,Motorcycles,Passengers,Bicyclists,Pedestrians,Fatalities_Unrestrained,Injuries_Unrestrained,Possible_Injuries,Non_Incapacitating_Injuries,Incapacitating_Injuries,Fatalities_30_Days,Non_Traffic_Fatalities,Transported_by_EMS,Transported_by_Law_Enforcement,Transported_by_Other,Citations,Property_Dmg_Amt,Vehicle_Dmg_Amt,S4_Mapping,S4_Decimal_Degree_Longitude,S4_Decimal_Degree_Latitude,S4_Albers_X,S4_Albers_Y,S4_Mapping_Date,FID,ROADWAY,COLOR_CODE,DISTRICT,COUNTYDOT,COUNTY_2,MNG_DIST,BEGIN_POST,END_POST,Shape_Leng,Shape__Len
"88288702",FHPD20OFF012798,FHP,Short,02:13:20,03:09 PM,Orlando,Orange,ORANGE BLOSSOM TRL  US441,TAFT VINELAND RD,"15",South,Rear End,"2","0","0","0",N,N,N,"$2,000",Clear,Daylight,,Rear End,S,Property Damage Only,N,Front to Rear,Motor Vehicle in Transport,On Roadway,Intersection,N,Four-Way Intersection,U.S.,Paved,Dry,None,,,None,,,N,N,,,,,"0","0","0","0","0","0","0","0","0","0","0","0",$0,$0,"0","1","0","2000","Mapped, On Network",-81.4047067013235,28.4215711975969,653731.438113565,493284.024295485,2/24/2020 3:43:25 PM,,,,,,,,9.000000000000000,14.000000000000000,,
"81959928",FHPD20OFF013492,FHP,Long,02:15:20,02:41 PM,Orlando,Orange,US 441 (ORANGE BLOSSOM TRL),GINGER MILL BLVD,"100",South,Rear End,"3","0","0","6",N,Y,N,"$11,000",Clear,Daylight,,Rear End,S,Injury,N,Front to Rear,Motor Vehicle in Transport,On Roadway,Non-Junction,N,Not at Intersection,U.S.,Curb,Dry,None,,,None,,,N,N,,,,,"0","0","3","0","0","0","0","6","0","0","0","0",$0,$0,"0","1","0","11000","Mapped, On Network",-81.4046819817757,28.3867583839199,653815.217746143,489418.736187546,2/24/2020 12:27:31 PM,,,,,,,,9.000000000000000,14.000000000000000,,
"88305051",FHPD20OFF024925,FHP,Short,03:26:20,07:09 AM,Orlando,Orange,US-441 (ORANGE BLOSSOM TRAIL),TAFT VINELAND RD,"1320",North,Sideswipe,"2","0","0","0",N,N,N,"$7,000",Clear,Dawn,,Same Direction Sideswipe,S,Property Damage Only,N,"Sideswipe, Same Direction",Motor Vehicle in Transport,On Roadway,Non-Junction,N,Not at Intersection,U.S.,Curb,Dry,None,,,None,,,N,N,,,,,"0","0","0","0","0","0","0","0","0","0","0","0",$0,$0,"0","1","0","7000","Mapped, On Network",-81.4047396650963,28.4249895958349,653720.22667858,493663.508070352,3/31/2020 4:10:43 PM,,,,,,,,9.000000000000000,14.000000000000000,,
"88305047",FHPD20OFF024384,FHP,Short,03:23:20,10:53 AM,Orlando,Orange,CENTRAL FLORIDA PKWY,US-441 (ORANGE BLOSSOM TRAIL),"30",East,Rear End,"3","0","0","0",N,N,N,"$3,000",Clear,Daylight,,Rear End,W,Property Damage Only,N,Front to Rear,Motor Vehicle in Transport,On Roadway,Intersection-Related,N,Not at Intersection,Local,Curb,Dry,None,,,None,,,N,N,,,,,"0","0","0","0","0","0","0","0","0","0","0","0",$0,$0,"0","1","0","3000","Mapped, On Network",-81.4043687015777,28.4074903079014,653797.391426095,491721.290020596,4/1/2020 1:30:56 PM,,,,,,,,9.000000000000000,14.000000000000000,,
"88307210",FHPD20OFF015935,FHP,Long,02:23:20,11:52 AM,Unincorporated,Orange,US HIGHWAY 441,BARLEY CLUB DRIVE,"400",South,Off Road,"3","0","0","1",N,N,N,"$48,000",Clear,Daylight,,Off Road,S,Injury,N,Other,Other Fixed Object,Off Roadway,Intersection-Related,N,T-Intersection,U.S.,Curb,Dry,None,,,None,,,N,N,,,,,"0","0","0","0","0","0","0","0","0","1","0","0",$1,$0,"0","0","17000","31000","Mapped, On Network",-81.4047458429425,28.4130985509502,653747.413428621,492343.208624338,3/8/2020 5:30:20 PM,,,,,,,,9.000000000000000,14.000000000000000,,
"88270895",FHPD20OFF009670,FHP,Long,02:03:20,10:18 AM,Orlando,Orange,US441,STABLE DR,"100",North,Sideswipe,"2","0","0","0",N,N,N,"$3,000",Clear,Daylight,,Same Direction Sideswipe,S,Property Damage Only,N,"Sideswipe, Same Direction",Motor Vehicle in Transport,On Roadway,Non-Junction,N,Not at Intersection,U.S.,Paved,Dry,None,,,None,,,N,N,,,,,"0","0","0","0","0","0","0","0","0","0","0","0",$0,$0,"0","1","0","3000","Mapped, On Network",-81.4046279433528,28.3833395841083,653828.492247462,489039.25075284,2/13/2020 2:34:00 PM,,,,,,,,9.000000000000000,14.000000000000000,,
"88326610",FHPD20OFF021080,FHP,Long,03:10:20,11:42 AM,Orlando,Orange,US-441 (ORANGE BLOSSOM TRAIL),ENTRANCE TO 11231 ORANGE BLOSSOM TRL,"0",,Right Turn,"2","0","0","0",N,Y,N,"$5,000",Clear,Daylight,,Right/Through,W,Property Damage Only,N,Angle,Motor Vehicle in Transport,On Roadway,Intersection,N,T-Intersection,U.S.,Curb,Dry,None,,,None,,,N,N,,,,,"0","0","0","0","0","0","0","0","0","0","0","0",$0,$0,"0","1","0","5000","Mapped, On Network",-81.4044854077029,28.4025741994682,653797.472363015,491175.204130473,3/18/2020 1:06:51 PM,,,,,,,,9.000000000000000,14.000000000000000,,
"88305439",FHPD20OFF018141,FHP,Long,03:01:20,03:00 AM,Orlando,Orange,9341 ORANGE BLOSSOM TRL S,STATE ROAD 441 (ORANGE BLOSSOM TRL),"500",West,Other,"2","0","0","0",N,Y,N,$600,Clear,Dark - Lighted,,Parked Vehicle,N,Property Damage Only,N,Rear to Rear,Motor Vehicle in Transport,In Parking Lane or Zone,Non-Junction,N,Not at Intersection,Local,Curb,Dry,None,,,None,,,N,N,,,,,"0","0","0","0","0","0","0","0","0","0","0","0",$0,$0,"0","0","0","600","Mapped, On Network",-81.4047389039411,28.4249642052581,653720.360420943,493660.690470042,6/10/2020 3:46:49 PM,,,,,,,,9.000000000000000,14.000000000000000,,
"88310248",FHPD20OFF023556,FHP,Long,03:19:20,06:31 AM,Orlando,Orange,UNITED STATES 441 (STATE ROAD 600),UNIVERSAL NISSAN WAY,"100",South,Rear End,"2","0","0","0",N,Y,N,"$8,500",Clear,Dark - Lighted,,Rear End,N,Property Damage Only,N,Front to Rear,Motor Vehicle in Transport,On Roadway,Non-Junction,N,Not at Intersection,U.S.,Curb,Dry,None,,,None,,,N,N,,,,,"0","0","2","0","0","0","0","0","0","0","0","0",$0,$0,"0","0","0","8500","Mapped, On Network",-81.404353653024,28.3809626582115,653860.869968969,488775.900198564,3/30/2020 1:38:13 PM,,,,,,,,9.000000000000000,14.000000000000000,,
"88295564",FHPD20OFF013776,FHP,Long,02:16:20,02:25 PM,Unincorporated,Orange,US HIGHWAY 441 ORANGE BLOSSOM TRAIL,WATERBRIDGE BOULEVARD,"30",South,Pedestrian,"2","0","0","3",N,Y,N,"$5,500",Clear,Daylight,,Pedestrian,N,Injury,N,Front to Rear,Pedestrian,On Roadway,Non-Junction,N,Not at Intersection,U.S.,Curb,Dry,None,,,None,,,N,N,,,,,"0","0","1","0","0","0","0","1","2","0","0","0",$2,$0,"0","2","0","5500","Mapped, On Network",-81.4044960289952,28.4027431520888,653796.039035149,491193.941431312,3/5/2020 1:48:30 PM,,,,,,,,9.000000000000000,14.000000000000000,,
"88295535",FHPD20OFF009697,FHP,Long,02:03:20,11:40 AM,Unincorporated,Orange,US HIGHWAY 441 (ORANGE BLOSSOM TRAIL),TAFT VINELAND ROAD,"50",South,Sideswipe,"2","0","0","0",N,N,N,$150,Clear,Daylight,,Same Direction Sideswipe,N,Property Damage Only,N,"Sideswipe, Same Direction",Motor Vehicle in Transport,On Roadway,Non-Junction,N,Not at Intersection,U.S.,Curb,Dry,None,,,None,,,N,N,,,,,"0","0","0","0","0","0","0","0","0","0","0","0",$0,$0,"0","0","0","150","Mapped, On Network",-81.4047100002998,28.4212349586759,653731.901470062,493246.684224391,2/17/2020 5:34:07 PM,,,,,,,,9.000000000000000,14.000000000000000,,
"88281565",FHPD20OFF012836,FHP,Long,02:13:20,04:45 PM,Orlando,Orange,US 441 (ORANGE BLOSSOM TRAIL),STABLE DRIVE,"50",North,Sideswipe,"2","0","0","0",N,N,N,"$2,500",Clear,Daylight,,Same Direction Sideswipe,S,Property Damage Only,N,"Sideswipe, Same Direction",Motor Vehicle in Transport,On Roadway,Non-Junction,N,Not at Intersection,U.S.,Curb,Dry,None,,,None,,,N,N,,,,,"0","0","0","0","0","0","0","0","0","0","0","0",$0,$0,"0","0","0","2500","Mapped, On Network",-81.4044240064867,28.383567799785,653847.900983526,489065.009825071,2/24/2020 12:22:55 PM,,,,,,,,9.000000000000000,14.000000000000000,,
"88302786",FHPD20OFF016641,FHP,Short,02:25:20,05:55 PM,Orlando,Orange,US 441 (ORANGE BLOSSOM TRAIL),CONSULATE DRIVE,"25",North,Rear End,"2","0","0","0",N,Y,N,"$3,100",Clear,Daylight,,Rear End,S,Property Damage Only,N,Front to Rear,Motor Vehicle in Transport,On Roadway,Non-Junction,N,Not at Intersection,U.S.,Paved,Dry,None,,,None,,,N,N,,,,,"0","0","0","0","0","0","0","0","0","0","0","0",$0,$0,"0","0","0","3100","Mapped, On Network",-81.4048194955537,28.4285195382989,653704.173761239,494055.280352129,3/16/2020 12:02:46 PM,,,,,,,,9.000000000000000,14.000000000000000,,
"88300439",FHPD20OFF022338,FHP,Long,03:14:20,09:35 AM,Orlando,Orange,STABLE DRIVE,U.S. 441 (S ORANGE BLOSSOM TRAIL),"3",East,Bicycle,"1","1","0","1",N,N,N,$20,Clear,Daylight,,Bicycle,W,Injury,N,Other,Pedalcycle,On Roadway,Intersection-Related,N,Not at Intersection,Local,Curb,Dry,None,,,None,,,N,N,,,,,"0","0","0","1","0","0","0","0","1","0","0","0",$1,$0,"0","0","0","20","Mapped, On Network",-81.4046197758127,28.3831200241064,653829.804078793,489014.88934661,3/31/2020 4:08:57 PM,,,,,,,,9.000000000000000,14.000000000000000,,
"88295555",FHPD20OFF013124,FHP,Short,02:14:20,02:40 PM,Unincorporated,Orange,US HIGHWAY 441 ORANGE BLOSSOM TRAIL,STABLE DRIVE,"100",North,Rear End,"2","0","0","0",N,Y,N,$800,Clear,Daylight,,Rear End,S,Property Damage Only,N,Front to Rear,Motor Vehicle in Transport,On Roadway,Non-Junction,N,Not at Intersection,U.S.,Curb,Dry,None,,,None,,,N,N,,,,,"0","0","0","0","0","0","0","0","0","0","0","0",$0,$0,"0","1","0","800","Mapped, On Network",-81.4046773253487,28.3835898826269,653823.078390217,489066.940288475,3/5/2020 1:45:51 PM,,,,,,,,9.000000000000000,14.000000000000000,,
"88342216",FHPD20OFF029213,FHP,Long,04:23:20,09:30 PM,Orlando,Orange,9774 ORANGE BLOSSOM TRL S,ORINOCO DR,"75",South,Rear End,"2","0","0","2",N,Y,N,"$11,000",Clear,Dark - Lighted,,Rear End,N,Injury,N,Front to Rear,Motor Vehicle in Transport,On Roadway,Intersection-Related,N,Not at Intersection,U.S.,Curb,Dry,None,,,None,,,N,N,,,,,"0","0","3","0","0","0","0","2","0","0","0","0",$0,$0,"0","1","0","11000","Mapped, On Network",-81.4045801964474,28.4142141825398,653760.999380322,492467.420340838,6/23/2020 3:46:13 PM,,,,,,,,9.000000000000000,14.000000000000000,,
"88310271",FHPD20OFF027699,FHP,Long,04:13:20,10:37 PM,Orlando,Orange,UNITED STATES 441 STATE ROAD 600,PEPPERMILL BOULEVARD,"250",North,Pedestrian,"1","1","0","1",N,N,N,$500,Clear,Dark - Lighted,,Pedestrian,S,Injury,N,Other,Pedestrian,On Roadway,Non-Junction,N,Not at Intersection,U.S.,Curb,Dry,None,,,None,,,N,N,,,,,"0","0","0","0","1","0","0","0","1","0","0","0",$1,$0,"0","1","0","500","Mapped, On Network",-81.4046994110534,28.3914843918425,653802.468073541,489943.439036857,7/13/2020 6:27:46 PM,,,,,,,,9.000000000000000,14.000000000000000,,
"88288701",FHPD20OFF012741,FHP,Long,02:13:20,12:08 PM,Orlando,Orange,CENTRAL FLORIDA  PKWAY,ORANGE BLOSSOM TRL US441,"75",West,Sideswipe,"3","0","0","0",N,Y,N,"$2,250",Clear,Daylight,,Same Direction Sideswipe,W,Property Damage Only,N,"Sideswipe, Same Direction",Motor Vehicle in Transport,On Roadway,Non-Junction,N,Not at Intersection,County,Paved,Dry,None,,,None,,,N,N,,,,,"0","0","2","0","0","0","0","0","0","0","0","0",$0,$0,"0","2","0","2250","Mapped, On Network",-81.4040254454596,28.4074446181191,653831.056408414,491716.923503313,2/24/2020 1:18:46 PM,,,,,,,,9.000000000000000,14.000000000000000,,
"88299953",FHPD20OFF017274,FHP,Long,02:27:20,02:08 PM,Orlando,Orange,US 441 (ORANGE BLOSSOM TRAIL),CONSULATE DRIVE,"50",North,Rear End,"3","0","0","0",N,Y,N,"$9,000",Clear,Daylight,,Rear End,S,Property Damage Only,N,Front to Rear,Motor Vehicle in Transport,On Roadway,Non-Junction,N,Not at Intersection,U.S.,Curb,Dry,None,,,None,,,N,N,,,,,"0","0","1","0","0","0","0","0","0","0","0","0",$0,$0,"0","2","0","9000","Mapped, On Network",-81.404842056767,28.4285868211229,653701.811267338,494062.704480652,3/16/2020 12:02:07 PM,,,,,,,,9.000000000000000,14.000000000000000,,
"88302811",FHPD20OFF022188,FHP,Long,03:13:20,06:55 PM,Orlando,Orange,TAFT VINELAND ROAD,US 441 (ORANGE BLOSSOM TRAIL),"40",East,Angle,"2","0","0","1",N,Y,N,"$4,000",Clear,Daylight,,Right Angle,SW,Injury,N,Angle,Motor Vehicle in Transport,On Roadway,Driveway/Alley Access Related,N,Not at Intersection,County,Curb,Dry,None,,,None,,,N,N,,,,,"0","1","0","0","0","0","0","1","0","0","0","0",$0,$0,"0","1","0","4000","Mapped, On Network",-81.4043894470099,28.4213728992114,653762.91372533,493262.659649903,3/25/2020 3:24:21 PM,,,,,,,,9.000000000000000,14.000000000000000,,
"88295556",FHPD20OFF013153,FHP,Short,02:14:20,03:30 PM,Unincorporated,Orange,STABLE DRIVE,US HIGHWAY 441 ORANGE BLOSSOM TRAIL,"30",West,Rear End,"2","0","0","0",N,Y,N,$500,Clear,Daylight,,Rear End,E,Property Damage Only,N,Front to Rear,Motor Vehicle in Transport,On Roadway,Non-Junction,N,Not at Intersection,Local,Curb,Dry,None,,,None,,,N,N,,,,,"0","0","0","0","0","0","0","0","0","0","0","0",$0,$0,"0","0","0","500","Mapped, On Network",-81.4048763196173,28.3831070130238,653804.748045814,489012.916655807,3/5/2020 1:25:43 PM,,,,,,,,9.000000000000000,14.000000000000000,,
"88304302",FHPD20OFF023433,FHP,Long,03:18:20,03:04 PM,Unincorporated,Orange,US HIGHWAY 441 (ORANGE BLOSSOM TRAIL),ORINOCO DRIVE,"50",North,Rear End,"2","0","0","1",N,Y,N,$550,Clear,Daylight,,Rear End,S,Injury,N,Front to Rear,Motor Vehicle in Transport,On Roadway,Non-Junction,N,Not at Intersection,U.S.,Curb,Dry,None,,,None,,,N,N,,,,,"0","1","0","0","0","0","0","1","0","0","0","0",$0,$0,"0","0","0","550","Mapped, On Network",-81.4047499998157,28.4140150909566,653744.865008455,492444.965379903,3/26/2020 4:59:13 PM,,,,,,,,9.000000000000000,14.000000000000000,,
"88288685",FHPD20OFF010591,FHP,Short,02:06:20,11:57 AM,Orlando,Orange,CENTRAL FLORIDA PKWY,ORANGE BLOSSOM TRAIL US441,"1320",West,Left Turn,"2","0","0","0",N,Y,N,"$2,000",Clear,Daylight,,Left Leaving,S,Property Damage Only,N,Angle,Motor Vehicle in Transport,On Roadway,Driveway/Alley Access Related,N,Not at Intersection,County,Unpaved,Dry,None,,,None,,,N,N,,,,,"0","0","0","0","0","0","0","0","0","0","0","0",$0,$0,"0","1","0","2000","Mapped, On Network",-81.4045262562305,28.4073379483233,653782.344326444,491704.048963988,2/13/2020 12:58:15 PM,,,,,,,,9.000000000000000,14.000000000000000,,
"88278337",FHPD20OFF012213,FHP,Short,02:11:20,05:13 PM,Orlando,Orange,US 441 (ORANGE BLOSSOM TRAIL),TAFT VINELAND ROAD,"80",North,Sideswipe,"2","0","0","0",N,Y,N,"$1,000",Clear,Daylight,,Same Direction Sideswipe,S,Property Damage Only,N,"Sideswipe, Same Direction",Motor Vehicle in Transport,On Roadway,Non-Junction,N,Not at Intersection,U.S.,Curb,Dry,None,,,None,,,N,N,,,,,"0","0","0","0","0","0","0","0","0","0","0","0",$0,$0,"0","2","0","1000","Mapped, On Network",-81.4047144098534,28.4215860960749,653730.649772994,493285.6626424,2/14/2020 4:55:28 PM,,,,,,,,9.000000000000000,14.000000000000000,,
"88302782",FHPD20OFF016258,FHP,Long,02:24:20,03:00 PM,Orlando,Orange,9565 ORANGE BLOSSOM TRAIL,TAFT VINELAND ROAD,"52",South,Other,"2","0","0","0",N,N,N,"$8,900",Clear,Daylight,,Backed Into,S,Property Damage Only,N,Front to Rear,Motor Vehicle in Transport,In Parking Lane or Zone,Non-Junction,N,Not at Intersection,Parking Lot,Unpaved,"Mud, Dirt, Gravel",None,,,None,,,N,N,,,,,"0","0","0","0","0","0","0","0","0","0","0","0",$0,$0,"0","0","0","8900","Mapped, Not On Network",-81.40471,28.4213700490195,653731.585774662,493261.683577402,3/8/2020 5:30:10 PM,,,,,,,,9.000000000000000,14.000000000000000,,
"88342105",FHPD20OFF029834,FHP,Long,04:27:20,03:30 PM,Orlando,Orange,CR-423 (S JOHN YOUNG PKWY),DEERFIELD BLVD,"30",South,Rear End,"2","0","0","0",N,N,N,$100,Clear,Daylight,,Rear End,N,Property Damage Only,N,Front to Rear,Motor Vehicle in Transport,On Roadway,Non-Junction,N,Not at Intersection,County,Curb,Dry,None,,,None,,,N,N,,,,,"0","0","0","0","0","0","0","0","0","0","0","0",$0,$0,"0","0","0","100","Mapped, On Network",-81.4044142417593,28.3784417634523,653860.837467175,488495.875098042,7/1/2020 10:51:01 PM,,,,,,,,9.000000000000000,14.000000000000000,,
"88340709",FHPD20OFF030161,FHP,Long,04:29:20,04:20 PM,Unincorporated,Orange,US HIGHWAY 441 (ORANGE BLOSSOM TRL),WHISPER LAKES BLVD,"10",North,Rear End,"2","0","0","0",N,Y,N,"$3,000",Clear,Daylight,,Rear End,N,Property Damage Only,N,Front to Rear,Motor Vehicle in Transport,On Roadway,Intersection-Related,N,Not at Intersection,U.S.,Curb,Dry,None,,,None,,,N,N,,,,,"0","0","2","0","0","0","0","0","0","0","0","0",$0,$0,"0","1","0","3000","Mapped, On Network",-81.4045161007437,28.3975233935503,653806.276863808,490614.339426771,5/14/2020 2:04:20 PM,,,,,,,,9.000000000000000,14.000000000000000,,
"88291646",FHPD20OFF028456,FHP,Long,04:18:20,08:10 PM,Orlando,Orange,US 441 (SOUTH ORANGE BLOSSOM TRAIL),WATERBRDIGE BLVD,"500",North,Rear End,"2","0","0","0",N,Y,N,"$6,000",Clear,Dark - Lighted,,Rear End,S,Property Damage Only,N,Front to Rear,Motor Vehicle in Transport,On Roadway,Non-Junction,N,Not at Intersection,U.S.,Curb,Dry,None,,,None,,,N,N,,,,,"0","0","0","0","0","0","0","0","0","0","0","0",$0,$0,"0","1","0","6000","Mapped, On Network",-81.4046775906002,28.4046159338868,653773.911021098,491401.506625796,7/13/2020 4:55:41 PM,,,,,,,,9.000000000000000,14.000000000000000,,
"88299043",FHPD20OFF015290,FHP,Short,02:21:20,07:30 AM,Orlando,Orange,US 441  ORANGE BLOSSOM TRAIL,PEPPERMILL BOULEVARD,"75",North,Rear End,"2","0","0","0",N,N,N,"$2,000",Rain,Daylight,,Rear End,S,Property Damage Only,N,Front to Rear,Motor Vehicle in Transport,On Roadway,Non-Junction,N,Not at Intersection,U.S.,Curb,Wet,None,,,None,,,N,N,,,,,"0","0","0","0","0","0","0","0","0","0","0","0",$0,$0,"0","1","0","2000","Mapped, On Network",-81.4046707943353,28.3908229819868,653806.812008341,489870.060195271,2/27/2020 11:50:01 AM,,,,,,,,9.000000000000000,14.000000000000000,,
"88342817",FHPD20OFF028568,FHP,Short,04:19:20,04:41 PM,Orlando,Orange,US-441 (ORANGE BLOSSOM TRAIL),WETHERBEE ROAD,"100",North,Rear End,"2","0","0","0",N,Y,N,"$3,000",Clear,Daylight,,Rear End,S,Property Damage Only,N,Front to Rear,Motor Vehicle in Transport,On Roadway,Non-Junction,N,Not at Intersection,U.S.,Curb,Dry,None,,,None,,,N,N,,,,,"0","0","0","0","0","0","0","0","0","0","0","0",$0,$0,"0","1","0","3000","Mapped, On Network",-81.4045529645638,28.3876483186437,653825.753396085,489517.8130976,7/13/2020 3:50:23 PM,,,,,,,,9.000000000000000,14.000000000000000,,
"88344075",FHPD20OFF030354,FHP,Short,04:30:20,04:03 PM,Unincorporated,Orange,US HIGHWAY 441,WHISPER LAKES BOULEVARD,"400",North,Sideswipe,"2","0","0","0",N,N,N,"$8,600",Clear,Daylight,,Same Direction Sideswipe,N,Property Damage Only,N,"Sideswipe, Same Direction",Motor Vehicle in Transport,On Roadway,Non-Junction,N,Not at Intersection,U.S.,Curb,Dry,None,,,None,,,N,N,,,,,"0","0","2","0","0","0","0","0","0","0","0","0",$0,$0,"0","0","0","8600","Mapped, On Network",-81.4045161007437,28.3981091426746,653804.907784199,490679.376380453,5/14/2020 2:09:12 PM,,,,,,,,9.000000000000000,14.000000000000000,,
"88303585",FHPD20OFF028070,FHP,Long,04:16:20,12:00 PM,Unincorporated,Orange,U.S 441 (ORANGE BLOSSOM TRAIL),WETHERBEE ROAD,"500",South,Sideswipe,"3","0","0","0",N,N,N,"$7,000",Rain,Daylight,,Same Direction Sideswipe,N,Property Damage Only,N,"Sideswipe, Same Direction",Motor Vehicle in Transport,On Roadway,Non-Junction,N,Not at Intersection,U.S.,Curb,Wet,None,,,None,,,N,N,,,,,"0","0","0","0","0","0","0","0","0","0","0","0",$0,$0,"0","1","0","7000","Mapped, On Network",-81.4044407796686,28.3855998039523,653841.511233555,489290.593065273,4/27/2020 2:29:39 PM,,,,,,,,9.000000000000000,14.000000000000000,,
"88335958",FHPD20OFF030056,FHP,Long,04:29:20,12:01 AM,Unincorporated,Orange,ORANGE BLOSSOM TRL S,CONSULATE DR,"10",North,Rear End,"2","0","0","0",N,N,N,"$1,250",Clear,Dark - Lighted,,Rear End,S,Property Damage Only,N,Front to Rear,Motor Vehicle in Transport,On Roadway,Non-Junction,N,Not at Intersection,U.S.,Curb,Dry,None,,,None,,,N,N,,,,,"0","0","0","0","0","0","0","0","0","0","0","0",$0,$0,"0","0","0","1250","Mapped, On Network",-81.4047203292826,28.428317036335,653714.340071773,494033.000184487,5/14/2020 1:40:20 PM,,,,,,,,9.000000000000000,14.000000000000000,,
"88340894",FHPD20OFF027886,FHP,Long,04:15:20,10:13 AM,Orlando,Orange,U.S. 441 (S ORANGE BLOSSOM TRAIL),CONSULATE DRIVE,"5",North,Sideswipe,"2","0","0","0",N,N,N,$300,Clear,Daylight,,Same Direction Sideswipe,S,Property Damage Only,N,"Sideswipe, Same Direction",Motor Vehicle in Transport,On Roadway,Intersection-Related,N,Not at Intersection,U.S.,Curb,Dry,None,,,None,,,N,N,,,,,"0","0","0","0","0","0","0","0","0","0","0","0",$0,$0,"0","0","0","300","Mapped, On Network",-81.4048487022437,28.428492310875,653701.382575141,494052.197148509,7/13/2020 10:14:24 PM,,,,,,,,9.000000000000000,14.000000000000000,,
"88302837",FHPD20OFF025874,FHP,Long,04:01:20,02:25 PM,Orlando,Orange,US 441 (ORANGE BLOSSOM TRAIL),TAFT VINELAND ROAD,"30",North,Sideswipe,"2","0","0","0",N,Y,N,"$1,250",Clear,Daylight,,Same Direction Sideswipe,S,Property Damage Only,N,"Sideswipe, Same Direction",Motor Vehicle in Transport,On Roadway,Non-Junction,N,Not at Intersection,U.S.,Curb,Dry,None,,,None,,,N,N,,,,,"0","0","0","0","0","0","0","0","0","0","0","0",$0,$0,"0","0","0","1250","Mapped, On Network",-81.4047116538776,28.4214510516113,653731.234791171,493270.674054951,4/13/2020 2:25:49 PM,,,,,,,,9.000000000000000,14.000000000000000,,
"83669361",FHPD20OFF014196,FHP,Short,02:17:20,07:04 PM,Orlando,Orange,US 441(ORANGE BLOSSOM TRL),WETHERBEE RD,"500",South,Rear End,"2","0","0","0",N,Y,N,"$2,000",Clear,Dark - Lighted,,Rear End,S,Property Damage Only,N,Front to Rear,Motor Vehicle in Transport,On Roadway,Non-Junction,N,Not at Intersection,U.S.,Curb,Dry,None,,,None,,,N,N,,,,,"0","0","0","0","0","0","0","0","0","0","0","0",$0,$0,"0","2","0","2000","Mapped, On Network",-81.4046750434452,28.3855912923976,653818.623889489,489289.16580135,3/16/2020 11:30:06 AM,,,,,,,,9.000000000000000,14.000000000000000,,
"88340891",FHPD20OFF027732,FHP,Long,04:14:20,09:02 AM,Orlando,Orange,CONSULATE DRIVE,U.S. 441 (S ORANGE BLOSSOM TRAIL),"5",West,Rear End,"2","0","0","2",N,N,N,"$16,000",Clear,Daylight,,Rear End,E,Injury,N,Front to Rear,Motor Vehicle in Transport,On Roadway,Non-Junction,N,Not at Intersection,Local,Curb,Dry,None,,,None,,,N,N,,,,,"0","0","0","0","0","0","0","2","0","0","0","0",$0,$0,"0","1","0","16000","Mapped, On Network",-81.40474045073,28.4281495939584,653712.76462221,494014.367326936,4/16/2020 3:01:39 PM,,,,,,,,9.000000000000000,14.000000000000000,,
"88276792",FHPD20OFF009110,FHP,Long,02:01:20,08:24 AM,Orlando,Orange,US-441 (ORANGE BLOSSOM TRAIL),CONSULATE DR,"500",South,Right Turn,"2","0","0","0",N,N,N,"$10,000",Rain,Daylight,,Right/Through,E,Property Damage Only,N,"Sideswipe, Same Direction",Motor Vehicle in Transport,On Roadway,Driveway/Alley Access Related,N,T-Intersection,U.S.,Curb,Wet,None,,,None,,,N,N,,,,,"0","0","2","0","0","0","0","0","0","0","0","0",$0,$0,"0","1","0","10000","Mapped, On Network",-81.404710044114,28.4266353793504,653719.275663132,493846.303635817,2/6/2020 1:12:20 PM,,,,,,,,9.000000000000000,14.000000000000000,,
"88279480",FHPD20OFF025533,FHP,Long,03:30:20,11:35 AM,Orlando Expwy Auth,Orange,SR 417,JOHN YOUNG PKWY,"300",North,Animal,"1","0","0","1",N,N,N,"$2,500",Clear,Daylight,,Animal,S,Injury,N,Other,Animal,On Roadway,Non-Junction,N,Not at Intersection,Turnpike/Toll,Paved,Dry,None,,,None,,,N,N,,,,,"0","0","0","0","0","0","0","0","1","0","0","0",$1,$0,"0","0","0","2500","Mapped, On Network",-81.4248858306775,28.3733613233161,651870.69070432,487889.803286863,4/2/2020 12:19:58 PM,,,,,,,,6.000000000000000,9.000000000000000,,