HSMV_Report_Number,Agency_Report_Number,Reporting_Agency,Form_Type,Crash_Date,Crash_Time,City,County,Crash_Street,Intersecting_Street,Offset_Distance,Offset_Direction,Crash_Type,Vehicles,Non_Motorists,Fatalities,Injuries,Alcohol_Related,Distraction_Related,Drug_Related,Estimated_Damages,Weather_Condition,Light_Condition,Street_Number,Crash_Type_Detailed,Crash_Type_Dir,Crash_Severity,Within_City_Limits,Manner_of_Collision,First_Harmful_Event,First_HE_Location,First_HE_Relation_to_Jct,First_HE_Within_Interchange,Type_of_Intersection,Road_Sys_Identifier,Type_of_Shoulder,Road_Surf_Cond,Contrib_Circum_Road1,Contrib_Circum_Road2,Contrib_Circum_Road3,Contrib_Circum_Env1,Contrib_Circum_Env2,Contrib_Circum_Env3,School_Bus_Related,Work_Zone_Related,Type_of_Work_Zone,Loc_in_Work_Zone,Workers_in_Work_Zone,Law_Enforcement_in_Work_Zone,Mopeds,Motorcycles,Passengers,Bicyclists,Pedestrians,Fatalities_Unrestrained,Injuries_Unrestrained,Possible_Injuries,Non_Incapacitating_Injuries,Incapacitating_Injuries,Fatalities_30_Days,Non_Traffic_Fatalities,Transported_by_EMS,Transported_by_Law_Enforcement,Transported_by_Other,Citations,Property_Dmg_Amt,Vehicle_Dmg_Amt,S4_Mapping,S4_Decimal_Degree_Longitude,S4_Decimal_Degree_Latitude,S4_Albers_X,S4_Albers_Y,S4_Mapping_Date,FID,ROADWAY,COLOR_CODE,DISTRICT,COUNTYDOT,COUNTY_2,MNG_DIST,BEGIN_POST,END_POST,Shape_Leng,Shape__Len
"88315348",FHPK20OFF014840,FHP,Long,03:28:20,02:44 PM,Orlando,Orange,STATE ROAD 91 (FLORIDAS TURNPIKE),MILE MARKER 252,"0",,Other,"2","0","0","0",N,N,N,"$2,500",Clear,Daylight,,Other,S,Property Damage Only,N,Other,"Struck by Falling, Shifting Cargo",On Roadway,Non-Junction,N,Not at Intersection,Turnpike/Toll,Paved,Dry,None,,,None,,,N,N,,,,,"0","0","2","0","0","0","0","0","0","0","0","0",$0,$0,"0","0","0","2500","Mapped, On Network",-81.391466195967,28.3956305560803,655086.652938515,490431.10105228,4/7/2020 2:03:35 PM,,,,,,,,14.000000000000000,15.000000000000000,,
"88208515",FHPK20OFF010181,FHP,Long,02:27:20,07:29 AM,Orlando,Orange,STATE ROAD 91,STATE ROAD 417,"5280",North,Other,"2","0","0","0",N,Y,N,"$2,000",Clear,Daylight,,Other,N,Property Damage Only,N,Other,Motor Vehicle in Transport,On Roadway,Non-Junction,N,Not at Intersection,Turnpike/Toll,Paved,Dry,None,,,None,,,N,N,,,,,"0","0","0","0","0","0","0","0","0","0","0","0",$0,$0,"0","1","0","2000","Mapped, On Network",-81.3909588214629,28.3816221309403,655169.174421651,488876.769068258,3/29/2020 8:46:57 PM,,,,,,,,14.000000000000000,15.000000000000000,,
"88315345",FHPK20OFF013974,FHP,Long,03:20:20,05:21 PM,Orlando,Orange,STATE ROAD 91 (FLORIDAS TURNPIKE),STATE ROAD 528 (BEACHLINE EXP) ENT,"1214",South,Unknown,"2","0","1","0",N,Y,N,"$10,500",Clear,Daylight,,Unknown,,Fatality,N,Angle,Motor Vehicle in Transport,On Roadway,Entrance/Exit Ramp,Y,Not at Intersection,Turnpike/Toll,Paved,Dry,None,,,None,,,N,N,,,,,"0","1","0","0","0","0","0","0","0","0","1","0",$1,$0,"0","0","5000","5500","Mapped, On Network",-81.4079668571895,28.4324727788545,653387.306176129,494487.74530082,4/15/2020 12:56:39 PM,,,,,,,,14.000000000000000,15.000000000000000,,
"88254960",FHPK20OFF013266,FHP,Short,03:15:20,03:16 PM,Orlando,Orange,STATE ROAD 91 (FLORIDAS TURNPIKE),MILE POST 251,"2640",North,Other,"2","0","0","0",N,N,N,"$1,000",Clear,Daylight,,Other,S,Property Damage Only,N,Other,Other Non-Fixed Object,On Roadway,Non-Junction,N,Not at Intersection,State,Paved,Dry,None,,,None,,,N,N,,,,,"0","0","4","0","0","0","0","0","0","0","0","0",$0,$0,"0","1","0","1000","Mapped, On Network",-81.3899583330587,28.3705193649982,655293.105673392,487646.078671306,3/30/2020 4:29:15 PM,,,,,,,,14.000000000000000,15.000000000000000,,
"88179949",FHPK20OFF017452,FHP,Long,04:24:20,04:59 AM,Orlando,Orange,STATE ROAD 91 (FLORIDAS TURNPIKE),BEACHLINE EXPRESSWAY,"10560",South,Off Road,"1","0","0","0",N,N,N,$750,Rain,Daylight,,Off Road,S,Property Damage Only,N,Other,Concrete Traffic Barrier,On Roadway,Non-Junction,N,Not at Intersection,Turnpike/Toll,Paved,Wet,Road Surface Condition,,,Weather Conditions,,,N,N,,,,,"0","0","0","0","0","0","0","0","0","0","0","0",$0,$0,"0","0","0","750","Mapped, On Network",-81.3911430741044,28.3982926425954,655111.991893598,490727.345879233,7/19/2020 11:43:36 PM,,,,,,,,14.000000000000000,15.000000000000000,,
"88208562",FHPK20OFF016574,FHP,Long,04:16:20,10:35 AM,Orlando,Orange,SR91 (FLORIDA TURNPIKE),MM254,"0",,Off Road,"1","0","0","0",N,N,N,"$4,000",Rain,Daylight,,Off Road,S,Property Damage Only,N,Other,Concrete Traffic Barrier,On Roadway,Non-Junction,Y,Not at Intersection,State,Paved,Wet,None,,,None,,,N,N,,,,,"0","0","0","0","0","0","0","0","0","0","0","0",$0,$0,"0","0","0","4000","Mapped, On Network",-81.4028166277749,28.4290897163726,653898.611099215,494122.710572278,7/20/2020 1:45:58 PM,,,,,,,,14.000000000000000,15.000000000000000,,
"88205447",FHPK20OFF006326,FHP,Long,02:07:20,12:37 AM,Orlando,Orange,STATE ROAD 91 (FLORIDAS TPKE),MILE MARKER 253,"500",North,Off Road,"1","0","0","0",N,N,N,"$5,000",Rain,Dark - Lighted,,Off Road,N,Property Damage Only,N,Other,Concrete Traffic Barrier,On Roadway,Non-Junction,N,Not at Intersection,Turnpike/Toll,Paved,Wet,Road Surface Condition,,,Weather Conditions,,,N,N,,,,,"0","0","0","0","0","0","0","0","0","0","0","0",$0,$0,"0","0","0","5000","Mapped, On Network",-81.3913052968352,28.3994788879032,655093.34426667,490858.721286582,3/6/2020 8:20:34 PM,,,,,,,,14.000000000000000,15.000000000000000,,
"88208517",FHPK20OFF010942,FHP,Long,03:02:20,11:57 AM,Orlando,Orange,STATE ROAD 91,STATE ROAD 528,"1000",South,Other,"1","0","0","1",N,N,N,"$1,000",Clear,Daylight,,Single Vehicle,N,Injury,N,Other,Other Non-Fixed Object,On Roadway,Entrance/Exit Ramp,N,Not at Intersection,Turnpike/Toll,Curb,Dry,None,,,None,,,N,N,,,,,"0","0","0","0","0","0","0","1","0","0","0","0",$0,$0,"0","0","0","1000","Mapped, On Network",-81.392483398369,28.4188920936632,654932.574752709,493011.768460248,3/26/2020 11:57:59 PM,,,,,,,,14.000000000000000,15.000000000000000,,
"88290429",FHPD20OFF015126,FHP,Long,02:20:20,05:13 PM,Orlando,Orange,TAFT VINELAND ROAD,SR 91,"40",West,Rear End,"3","0","0","1",N,Y,N,"$1,500",Clear,Daylight,,Rear End,W,Injury,N,Front to Rear,Motor Vehicle in Transport,On Roadway,Non-Junction,N,Not at Intersection,County,Unpaved,Dry,None,,,None,,,N,N,,,,,"0","0","0","0","0","0","0","0","1","0","0","0",$1,$0,"0","1","0","1500","Mapped, On Network",-81.3944390208626,28.4214728256282,654735.349856984,493294.270411072,2/24/2020 2:31:36 PM,,,,,,,,14.000000000000000,15.000000000000000,,
"88208559",FHPK20OFF010908,FHP,Long,03:02:20,07:20 AM,Orlando,Orange,STATE ROAD 91 (FLORIDA TURNPIKE),MM 251,"0",,Rear End,"2","0","0","0",N,Y,N,"$4,200",Clear,Daylight,,Rear End,N,Property Damage Only,N,Front to Rear,Motor Vehicle in Transport,On Roadway,Non-Junction,Y,Not at Intersection,State,Paved,Dry,None,,,None,,,N,N,,,,,"0","0","0","0","0","0","0","0","0","0","0","0",$0,$0,"0","2","0","4200","Mapped, On Network",-81.3900544109814,28.373305225067,655277.161803901,487955.199107077,3/30/2020 4:30:16 PM,,,,,,,,14.000000000000000,15.000000000000000,,
"83672395",FHPD20OFF019366,FHP,Short,03:04:20,09:20 PM,Orlando,Orange,FL TURNPIKE,US 441,"900",South,Sideswipe,"2","0","0","0",N,N,N,"$2,400",Clear,Dark - Lighted,,Same Direction Sideswipe,S,Property Damage Only,N,Angle,Motor Vehicle in Transport,On Roadway,Entrance/Exit Ramp,N,Not at Intersection,Interstate,Paved,Dry,None,,,None,,,N,Y,Work on Shoulder or Median,Activity Area,Y,Y,"0","0","1","0","0","0","0","0","0","0","0","0",$0,$0,"0","0","0","2400","Mapped, On Network",-81.4019620035149,28.4282489855692,653984.113120284,494031.122532522,3/25/2020 12:52:53 PM,,,,,,,,14.000000000000000,15.000000000000000,,
"88279137",FHPK20OFF012070,FHP,Long,03:08:20,01:44 PM,Orlando,Orange,STATE ROAD 91(FLORIDAS TURNPIKE),TAFT VINELAND ROAD,"19008",North,Other,"2","0","0","1",N,N,N,"$8,000",Clear,Daylight,,Other,N,Injury,N,Other,Thrown or Falling Object,On Roadway,Non-Junction,N,Not at Intersection,Turnpike/Toll,Paved,Dry,None,,,None,,,N,N,,,,,"0","0","0","0","0","0","0","1","0","0","0","0",$0,$0,"0","0","0","8000","Mapped, On Network",-81.3919370424315,28.4171202978025,654990.144410838,492816.172430126,3/30/2020 5:14:06 PM,,,,,,,,14.000000000000000,15.000000000000000,,
"88288704",FHPD20OFF012846,FHP,Short,02:13:20,05:07 PM,Orlando,Orange,JOHN YOUNG PKWY SR423,SUBSTATION RD,"200",South,Rear End,"2","0","0","0",N,Y,N,"$2,500",Clear,Dusk,,Rear End,S,Property Damage Only,N,Front to Rear,Motor Vehicle in Transport,On Roadway,Non-Junction,N,Not at Intersection,State,Paved,Dry,None,,,None,,,N,N,,,,,"0","0","0","0","0","0","0","0","0","0","0","0",$0,$0,"0","1","0","2500","Mapped, On Network",-81.4259015229095,28.3764331065862,651764.24018533,488228.797132023,2/26/2020 2:14:31 PM,,,,,,,,6.000000000000000,10.000000000000000,,
"88299019",FHPD20OFF025271,FHP,Long,03:28:20,09:58 AM,Unincorporated,Orange,COUNTY ROAD 423 (JOHN YOUNG PARKWAY),CENTRAL FLORIDA PARKWAY,"0",,Left Turn,"2","0","0","0",N,N,N,"$6,000",Clear,Daylight,,Left Entering,N,Property Damage Only,N,Angle,Motor Vehicle in Transport,On Roadway,Intersection,N,Four-Way Intersection,County,Unpaved,Dry,None,,,None,,,N,N,,,,,"0","0","0","0","0","0","0","0","0","0","0","0",$0,$0,"0","1","0","6000","Mapped, On Network",-81.4242200835647,28.410210005877,651850.324438,491982.564145,4/6/2020 4:34:41 PM,,,,,,,,6.000000000000000,10.000000000000000,,
"88292242",FHPD20OFF012046,FHP,Short,02:11:20,08:20 AM,Orlando,Orange,JOHN YOUNG PKWY,CENTRAL FLORIDA PKWY,"50",North,Rear End,"2","0","0","0",N,N,N,$100,Clear,Daylight,,Rear End,N,Property Damage Only,N,Front to Rear,Motor Vehicle in Transport,On Roadway,Non-Junction,N,Not at Intersection,County,Curb,Dry,None,,,None,,,N,N,,,,,"0","0","0","0","0","0","0","0","0","0","0","0",$0,$0,"0","1","0","100","Mapped, On Network",-81.4242230631143,28.4100993611567,651850.289798977,491970.272908252,3/2/2020 7:46:19 PM,,,,,,,,6.000000000000000,10.000000000000000,,
"88280050",FHPD20OFF011403,FHP,Long,02:08:20,06:53 PM,Orlando,Orange,S JOHN YOUNG PARKWAY,SUBSTATION ROAD,"1320",North,Rear End,"3","0","0","7",N,N,N,"$9,600",Clear,Dusk,,Rear End,S,Injury,N,Front to Rear,Motor Vehicle in Transport,On Roadway,Non-Junction,N,Not at Intersection,Local,Unpaved,Dry,None,,,None,,,N,N,,,,,"0","0","4","0","0","0","0","7","0","0","0","0",$0,$0,"0","0","0","9600","Mapped, On Network",-81.4258171301104,28.3798873058244,651764.485869926,488612.498021882,2/24/2020 4:15:39 PM,,,,,,,,6.000000000000000,10.000000000000000,,
"88304888",FHPD20OFF021420,FHP,Long,03:11:20,12:53 PM,Orlando,Orange,CR 423 (S JOHN YOUNG PKWY),W TAFT VINELAND RD,"10",North,Rear End,"3","0","0","0",N,N,N,"$7,300",Clear,Daylight,,Rear End,S,Property Damage Only,N,Front to Rear,Motor Vehicle in Transport,On Roadway,Non-Junction,N,Not at Intersection,County,Unpaved,Dry,None,,,None,,,N,N,,,,,"0","0","0","0","0","0","0","0","0","0","0","0",$0,$0,"0","0","0","7300","Mapped, On Network",-81.4229299998334,28.419733011271,651954.345389386,493042.561554768,3/14/2020 3:11:00 PM,,,,,,,,6.000000000000000,10.000000000000000,,
"88304999",FHPD20OFF021101,FHP,Long,03:10:20,01:05 PM,Orlando,Orange,JOHN YOUNG PKWY SR423,DEERFIELD BLVD,"0",East,Left Turn,"2","0","0","0",N,N,N,"$3,000",Clear,Daylight,,Left Entering,W,Property Damage Only,N,Angle,Motor Vehicle in Transport,On Roadway,Intersection,N,Four-Way Intersection,State,Paved,Dry,None,,,None,,,N,N,,,,,"0","0","0","0","0","0","0","0","0","0","0","0",$0,$0,"0","1","0","3000","Mapped, On Network",-81.4255536786281,28.3811795682962,651787.252697394,488756.519120522,3/19/2020 2:01:18 PM,,,,,,,,6.000000000000000,10.000000000000000,,
"88292241",FHPD20OFF012016,FHP,Short,02:11:20,06:55 AM,Orlando,Orange,JOHN YOUNG PKWY,CENTRAL FLORIDA  PKWY,"50",South,Rear End,"2","0","0","0",N,N,N,$600,"Fog, Smog, Smoke",Dawn,,Rear End,N,Property Damage Only,N,Front to Rear,Motor Vehicle in Transport,On Roadway,Non-Junction,N,Not at Intersection,County,Paved,Dry,None,,,None,,,N,N,,,,,"0","0","1","0","0","0","0","0","0","0","0","0",$0,$0,"0","0","0","600","Mapped, On Network",-81.424269568747,28.4099951501794,651845.985025424,491958.607131155,2/17/2020 3:16:39 PM,,,,,,,,6.000000000000000,10.000000000000000,,
"88305470",FHPD20OFF023544,FHP,Short,03:19:20,02:00 AM,Orlando,Orange,COUNTY ROAD 423 (S JOHN YOUNG PKWY),TAFT VINELAND ROAD,"1320",South,Sideswipe,"2","0","0","0",N,Y,N,"$1,000",Clear,Dark - Lighted,,Same Direction Sideswipe,N,Property Damage Only,N,"Sideswipe, Same Direction",Motor Vehicle in Transport,On Roadway,Non-Junction,N,Not at Intersection,County,Curb,Dry,None,,,None,,,N,N,,,,,"0","0","0","0","0","0","0","0","0","0","0","0",$0,$0,"0","1","0","1000","Mapped, On Network",-81.4231431597668,28.412645744258,651949.954546818,492255.209926752,4/2/2020 1:51:31 PM,,,,,,,,6.000000000000000,10.000000000000000,,
"88277790",FHPD20OFF011394,FHP,Long,02:08:20,06:42 PM,Orlando,Orange,JOHN YOUNG PARKWAY,DEERFIELD BOULEVARD,"0",,Rear End,"2","0","0","0",N,N,N,"$7,500",Clear,Daylight,,Rear End,N,Property Damage Only,N,Front to Rear,Motor Vehicle in Transport,On Roadway,Non-Junction,N,Not at Intersection,Local,Unpaved,Dry,None,,,None,,,N,N,,,,,"0","0","0","0","0","0","0","0","0","0","0","0",$0,$0,"0","2","0","7500","Mapped, On Network",-81.4253708914893,28.381147201643,651805.202179835,488753.298602356,4/15/2020 12:33:53 PM,,,,,,,,6.000000000000000,10.000000000000000,,
"88307264",FHPD20OFF027003,FHP,Long,04:09:20,01:03 PM,Unincorporated,Orange,COUNTY ROAD 423,CRYSTAL CREEK BOULEVARD,"0",,Sideswipe,"2","0","0","0",N,N,N,"$17,000",Clear,Daylight,,Same Direction Sideswipe,N,Property Damage Only,N,"Sideswipe, Same Direction",Motor Vehicle in Transport,On Roadway,Intersection,N,Four-Way Intersection,County,Unpaved,Dry,None,,,None,,,N,N,,,,,"0","0","0","0","0","0","0","0","0","0","0","0",$0,$0,"0","1","0","17000","Mapped, On Network",-81.4249712100593,28.3886274263457,651826.940476353,489584.663043847,4/21/2020 10:32:53 AM,,,,,,,,6.000000000000000,10.000000000000000,,
"88334201",FHPD20OFF025306,FHP,Short,03:28:20,02:30 PM,Orlando,Orange,CENTRAL FLORIDA PARKWAY,SR 423 (JOHN YOUNG PARKWAY),"0",,Rear End,"2","0","0","0",N,Y,N,"$1,000",Clear,Daylight,,Rear End,E,Property Damage Only,N,Front to Rear,Motor Vehicle in Transport,On Roadway,Intersection-Related,N,Four-Way Intersection,County,Unpaved,Dry,None,,,None,,,N,N,,,,,"0","0","0","0","0","0","0","0","0","0","0","0",$0,$0,"0","1","0","1000","Mapped, On Network",-81.4242183523888,28.4102511141368,651850.398327805,491987.132030368,4/6/2020 4:42:59 PM,,,,,,,,6.000000000000000,10.000000000000000,,
"88304892",FHPD20OFF021795,FHP,Short,03:12:20,04:57 PM,Orlando,Orange,CR 423 (S JOHN YOUNG PKWY),WHISPER LAKES BLVD,"100",South,Rear End,"2","0","0","0",N,N,N,$500,Clear,Daylight,,Rear End,S,Property Damage Only,N,Front to Rear,Motor Vehicle in Transport,On Roadway,Non-Junction,N,Not at Intersection,County,Paved,Dry,None,,,None,,,N,N,,,,,"0","0","0","0","0","0","0","0","0","0","0","0",$0,$0,"0","1","0","500","Mapped, On Network",-81.4252065055716,28.396432748011,651785.834833297,490450.826977344,3/25/2020 9:51:23 PM,,,,,,,,6.000000000000000,10.000000000000000,,
"88293724",FHPD20OFF023617,FHP,Long,03:19:20,12:14 PM,Orlando,Orange,COUNTY ROAD 423,WEST TAFT VINELAND ROAD,"15",South,Rear End,"2","0","0","1",Y,N,N,"$1,300",Clear,Daylight,,Rear End,S,Injury,N,Front to Rear,Motor Vehicle in Transport,On Roadway,Intersection-Related,N,Not at Intersection,County,Unpaved,Dry,None,,,None,,,N,N,,,,,"0","0","1","0","0","0","0","0","1","0","0","0",$0,$0,"0","1","0","1300","Mapped, On Network",-81.4229695079447,28.4167023287999,651957.516627838,492705.976981737,3/26/2020 3:51:58 PM,,,,,,,,6.000000000000000,10.000000000000000,,
"88288705",FHPD20OFF012883,FHP,Long,02:13:20,06:49 PM,Orlando,Orange,JOHN YOUNG PKWY SR423,WHISPER LAKES BLVD,"0",North,Rear End,"2","0","0","0",N,Y,N,"$2,500",Clear,Dusk,,Rear End,S,Property Damage Only,N,Front to Rear,Motor Vehicle in Transport,On Roadway,Intersection-Related,N,Four-Way Intersection,State,Paved,Dry,None,,,None,,,N,N,,,,,"0","0","0","0","0","0","0","0","0","0","0","0",$0,$0,"0","1","0","2500","Mapped, On Network",-81.4249324352138,28.3971659939443,651810.931588327,490532.800728209,2/24/2020 3:52:25 PM,,,,,,,,6.000000000000000,10.000000000000000,,
"88271645",FHPD20OFF010210,FHP,Short,02:05:20,07:40 AM,Orlando,Orange,COUNTY ROAD 423 JOHN YOUNG PARKWAY,MENTA STREET,"0",,Rear End,"2","0","0","0",N,N,N,$800,Clear,Daylight,,Rear End,N,Property Damage Only,N,Front to Rear,Motor Vehicle in Transport,On Roadway,Non-Junction,N,Not at Intersection,County,Curb,Dry,None,,,None,,,N,N,,,,,"0","0","0","0","0","0","0","0","0","0","0","0",$0,$0,"0","1","0","800","Mapped, On Network",-81.4249092056647,28.3885551678758,651833.170926823,489576.766628338,2/20/2020 3:43:08 PM,,,,,,,,6.000000000000000,10.000000000000000,,
"88302807",FHPD20OFF020246,FHP,Short,03:07:20,01:50 PM,Orlando,Orange,CENTRAL FLORIDA PARKWAY,COUNTY ROAD 423 (JOHN YOUNG PARKWAY),"25",East,Rear End,"2","0","0","0",N,Y,N,"$2,500",Clear,Daylight,,Rear End,W,Property Damage Only,N,Front to Rear,Motor Vehicle in Transport,On Roadway,Non-Junction,N,Not at Intersection,County,Curb,Dry,None,,,None,,,N,N,,,,,"0","0","0","0","0","0","0","0","0","0","0","0",$0,$0,"0","1","0","2500","Mapped, On Network",-81.4239227783661,28.4104154305031,651878.913070542,492005.98017193,3/25/2020 3:34:45 PM,,,,,,,,6.000000000000000,10.000000000000000,,
"81959925",FHPD20OFF013154,FHP,Short,02:14:20,03:37 PM,Orlando,Orange,COUNTY ROAD 423 (JOHN YOUNG PKWY),BATTLES BLVD,"100",North,Sideswipe,"2","0","0","0",N,Y,N,"$2,000",Cloudy,Daylight,,Same Direction Sideswipe,S,Property Damage Only,N,"Sideswipe, Same Direction",Motor Vehicle in Transport,On Roadway,Non-Junction,N,Not at Intersection,County,Curb,Dry,None,,,None,,,N,N,,,,,"0","0","3","0","0","0","0","0","0","0","0","0",$0,$0,"0","1","0","2000","Mapped, On Network",-81.4255457229531,28.3815173273536,651787.247615297,488794.037612983,2/20/2020 5:08:12 PM,,,,,,,,6.000000000000000,10.000000000000000,,
"88292266",FHPD20OFF021094,FHP,Long,03:10:20,12:40 PM,Orlando,Orange,10785 JOHN YOUNG,CENTRAL FLORIDA PKWY,"0",,Off Road,"1","0","0","0",N,N,N,"$1,100",Clear,Daylight,,Off Road,E,Property Damage Only,N,Other,Fence,Off Roadway,Non-Junction,N,Not at Intersection,Parking Lot,Curb,Dry,None,,,None,,,N,N,,,,,"0","0","0","0","0","0","0","0","0","0","0","0",$0,$0,"0","0","100","1000","Mapped, Not On Network",-81.42437,28.4104200489827,651835.18110818,492005.579568831,3/20/2020 4:04:21 PM,,,,,,,,6.000000000000000,10.000000000000000,,
"88289375",FHPD20OFF012155,FHP,Long,02:11:20,02:30 PM,Unincorporated,Orange,COUNTY ROAD 423 (JOHN YOUNG PARKWAY),WHISPER LAKES BLVD,"800",North,Rear End,"3","0","0","3",N,Y,N,"$5,500",Clear,Daylight,,Rear End,S,Injury,N,Front to Rear,Motor Vehicle in Transport,On Roadway,Non-Junction,N,Not at Intersection,County,Curb,Dry,None,,,None,,,N,N,,,,,"0","0","1","0","0","0","0","3","0","0","0","0",$0,$0,"0","1","0","5500","Mapped, On Network",-81.4252165023812,28.3971855195552,651783.111967001,490534.388665725,2/17/2020 3:31:53 PM,,,,,,,,6.000000000000000,10.000000000000000,,
"88305009",FHPD20OFF022147,FHP,Long,03:13:20,04:59 PM,Orlando,Orange,JOHN YOUNG PKWY SR423,CRYSTAL CREEL BLVD,"300",South,Off Road,"1","0","0","0",N,N,N,"$11,500",Clear,Daylight,,Off Road,S,Property Damage Only,N,Other,Utility Pole/Light Support,Off Roadway,Non-Junction,N,Not at Intersection,State,Unpaved,Dry,None,,,None,,,N,N,,,,,"0","0","0","0","0","0","0","0","0","0","0","0",$0,$0,"0","0","10000","1500","Mapped, On Network",-81.4252215494377,28.3876702183912,651804.681351232,489477.870626127,3/27/2020 4:29:36 PM,,,,,,,,6.000000000000000,10.000000000000000,,
"88298992",FHPD20OFF019039,FHP,Long,03:04:20,01:46 AM,Unincorporated,Orange,COUNTY ROAD 423 (JOHN YOUNG PARKWAY),CRYSTAL CREEK BOULEVARD,"80",North,Rear End,"2","0","0","1",N,N,N,"$1,000",Clear,Dark - Lighted,,Rear End,S,Injury,N,Front to Rear,Motor Vehicle in Transport,On Roadway,Non-Junction,N,Not at Intersection,County,Unpaved,Dry,None,,,None,,,N,Y,Lane Closure,Activity Area,N,N,"0","0","0","0","0","0","0","0","1","0","0","0",$0,$0,"1","0","0","1000","Mapped, On Network",-81.4251612450474,28.3888261270457,651807.897825727,489606.337216543,3/11/2020 4:42:44 PM,,,,,,,,6.000000000000000,10.000000000000000,,
"88288693",FHPD20OFF011925,FHP,Long,02:10:20,06:20 PM,Orlando,Orange,S JOHN YOUNG PKWY SR423,URACUS ST,"50",East,Sideswipe,"2","0","0","0",N,Y,N,"$2,000",Clear,Dawn,,Same Direction Sideswipe,S,Property Damage Only,N,"Sideswipe, Same Direction",Motor Vehicle in Transport,On Roadway,Non-Junction,N,Not at Intersection,State,Paved,Dry,None,,,None,,,N,N,,,,,"0","0","0","0","0","0","0","0","0","0","0","0",$0,$0,"0","1","0","2000","Mapped, On Network",-81.4251229291098,28.3856500704961,651819.008925065,489253.769892847,2/13/2020 4:07:32 PM,,,,,,,,6.000000000000000,10.000000000000000,,
"88305464",FHPD20OFF022287,FHP,Long,03:14:20,03:15 AM,Orlando,Orange,COUNTY ROAD 423 (S JOHN YOUNG PKWY),STATE ROAD 417,"0",,Other,"2","0","0","0",N,N,N,"$2,000",Clear,Dark - Lighted,,Other,S,Property Damage Only,N,Other,Motor Vehicle in Transport,On Roadway,Intersection,N,Four-Way Intersection,County,Curb,Dry,None,,,None,,,N,N,,,,,"0","0","0","0","0","0","0","0","0","0","0","0",$0,$0,"0","0","0","2000","Mapped, On Network",-81.4258242835947,28.3728127922895,651780.185973001,487826.982026737,3/31/2020 12:32:09 PM,,,,,,,,6.000000000000000,10.000000000000000,,
"88280051",FHPD20OFF011448,FHP,Long,02:08:20,11:32 PM,Orlando,Orange,S JOHN YOUNG PARKWAY,STATE ROAD 528,"5",South,Rear End,"2","0","0","0",N,N,N,"$4,000",Clear,Dark - Lighted,,Rear End,N,Property Damage Only,N,Front to Rear,Motor Vehicle in Transport,On Roadway,Non-Junction,N,Not at Intersection,Local,Unpaved,Dry,None,,,None,,,N,N,,,,,"0","0","0","0","0","0","0","0","0","0","0","0",$0,$0,"0","0","0","4000","Mapped, On Network",-81.4229293658775,28.4200734651146,651953.617258374,493080.364243837,2/17/2020 4:03:45 PM,,,,,,,,6.000000000000000,10.000000000000000,,
"88299020",FHPD20OFF025285,FHP,Short,03:28:20,11:42 AM,Unincorporated,Orange,COUNTY ROAD 423 (JOHN YOUNG PARKWAY),TAFT VINELAND ROAD,"60",North,Sideswipe,"2","0","0","0",N,N,N,"$1,800",Clear,Daylight,,Same Direction Sideswipe,S,Property Damage Only,N,"Sideswipe, Same Direction",Motor Vehicle in Transport,On Roadway,Non-Junction,N,Not at Intersection,County,Unpaved,Dry,None,,,None,,,N,N,,,,,"0","0","0","0","0","0","0","0","0","0","0","0",$0,$0,"0","1","0","1800","Mapped, On Network",-81.4229111618244,28.416662100374,651963.313685818,492701.629538959,3/31/2020 12:02:12 PM,,,,,,,,6.000000000000000,10.000000000000000,,
"88295562",FHPD20OFF013765,FHP,Short,02:16:20,02:10 PM,Unincorporated,Orange,CENTRAL FLORIDA PARKWAY,COUNTY ROAD 423 JOHN YOUNG PARKWAY,"20",West,Rear End,"2","0","0","0",N,Y,N,$850,Clear,Daylight,,Rear End,E,Property Damage Only,N,Front to Rear,Motor Vehicle in Transport,On Roadway,Non-Junction,N,Not at Intersection,County,Paved,Dry,None,,,None,,,N,N,,,,,"0","0","0","0","0","0","0","0","0","0","0","0",$0,$0,"0","2","0","850","Mapped, On Network",-81.4247243342265,28.4101988188843,651801.05376804,491980.29227428,3/25/2020 2:23:00 PM,,,,,,,,6.000000000000000,10.000000000000000,,
"88334197",FHPD20OFF024661,FHP,Short,03:24:20,05:28 PM,Orlando,Orange,CENTRAL FLORIDA PARKWAY,SR 423 (JOHN YOUNG PARKWAY),"5",West,Rear End,"2","0","0","0",N,Y,N,"$1,000",Clear,Daylight,,Rear End,E,Property Damage Only,N,Front to Rear,Motor Vehicle in Transport,On Roadway,Non-Junction,N,Not at Intersection,County,Unpaved,Dry,None,,,None,,,N,N,,,,,"0","0","0","0","0","0","0","0","0","0","0","0",$0,$0,"0","1","0","1000","Mapped, On Network",-81.4246459918741,28.4102319695343,651808.635800996,491984.133044595,3/31/2020 12:38:46 PM,,,,,,,,6.000000000000000,10.000000000000000,,