HSMV_Report_Number,Agency_Report_Number,Reporting_Agency,Form_Type,Crash_Date,Crash_Time,City,County,Crash_Street,Intersecting_Street,Offset_Distance,Offset_Direction,Crash_Type,Vehicles,Non_Motorists,Fatalities,Injuries,Alcohol_Related,Distraction_Related,Drug_Related,Estimated_Damages,Weather_Condition,Light_Condition,Street_Number,Crash_Type_Detailed,Crash_Type_Dir,Crash_Severity,Within_City_Limits,Manner_of_Collision,First_Harmful_Event,First_HE_Location,First_HE_Relation_to_Jct,First_HE_Within_Interchange,Type_of_Intersection,Road_Sys_Identifier,Type_of_Shoulder,Road_Surf_Cond,Contrib_Circum_Road1,Contrib_Circum_Road2,Contrib_Circum_Road3,Contrib_Circum_Env1,Contrib_Circum_Env2,Contrib_Circum_Env3,School_Bus_Related,Work_Zone_Related,Type_of_Work_Zone,Loc_in_Work_Zone,Workers_in_Work_Zone,Law_Enforcement_in_Work_Zone,Mopeds,Motorcycles,Passengers,Bicyclists,Pedestrians,Fatalities_Unrestrained,Injuries_Unrestrained,Possible_Injuries,Non_Incapacitating_Injuries,Incapacitating_Injuries,Fatalities_30_Days,Non_Traffic_Fatalities,Transported_by_EMS,Transported_by_Law_Enforcement,Transported_by_Other,Citations,Property_Dmg_Amt,Vehicle_Dmg_Amt,S4_Mapping,S4_Decimal_Degree_Longitude,S4_Decimal_Degree_Latitude,S4_Albers_X,S4_Albers_Y,S4_Mapping_Date,FID,ROADWAY,COLOR_CODE,DISTRICT,COUNTYDOT,COUNTY_2,MNG_DIST,BEGIN_POST,END_POST,Shape_Leng,Shape__Len
"88300423",FHPD20OFF019844,FHP,Long,03:06:20,10:00 AM,Orlando,Orange,S JOHN YOUNG PARKWAY,CENTRAL FLORIDA PARKWAY,"300",North,Rear End,"2","0","0","2",N,N,N,"$4,000",Clear,Daylight,,Rear End,W,Injury,N,Front to Rear,Motor Vehicle in Transport,On Roadway,Driveway/Alley Access Related,N,Not at Intersection,Local,Unpaved,Dry,None,,,None,,,N,N,,,,,"0","0","1","0","0","0","0","0","2","0","0","0",$2,$0,"0","1","0","4000","Mapped, On Network",-81.4238028756158,28.4104312971448,651890.598184495,492007.986799436,3/26/2020 12:03:25 AM,,,,,,,,6.000000000000000,10.000000000000000,,
"88339803",FHPD20OFF029622,FHP,Long,04:26:20,01:51 PM,Orlando,Orange,S JOHN YOUNG PKWY SR423,TOWN LOOP BLVD,"55",South,Rear End,"2","0","0","0",N,Y,N,"$3,500",Clear,Daylight,,Rear End,S,Property Damage Only,N,Front to Rear,Motor Vehicle in Transport,On Roadway,Non-Junction,N,Not at Intersection,State,Paved,Dry,None,,,None,,,N,N,,,,,"0","0","1","0","0","0","0","0","0","0","0","0",$0,$0,"0","1","0","3500","Mapped, On Network",-81.4256905461549,28.3761313219928,651785.571753336,488195.719972087,7/20/2020 1:53:15 PM,,,,,,,,6.000000000000000,10.000000000000000,,
"83669360",FHPD20OFF014121,FHP,Long,02:17:20,03:49 PM,Orlando,Orange,COUNTY ROAD 423 (JOHN YOUNG PKWY),DEERFIELD BLVD,"50",South,Rear End,"2","0","0","2",N,Y,N,"$7,500",Clear,Daylight,,Rear End,S,Injury,N,Front to Rear,Motor Vehicle in Transport,On Roadway,Non-Junction,N,Not at Intersection,County,Curb,Dry,None,,,None,,,N,N,,,,,"0","0","0","0","0","0","0","2","0","0","0","0",$0,$0,"0","2","0","7500","Mapped, On Network",-81.4256105066238,28.3809352228702,651782.262056854,488729.272793239,3/11/2020 7:06:16 PM,,,,,,,,6.000000000000000,10.000000000000000,,
"88293696",FHPD20OFF011066,FHP,Short,02:07:20,04:40 PM,Orlando,Orange,COUNTY ROAD 423,WHISPER LAKES BOULEVARD,"1320",South,Sideswipe,"2","0","0","0",N,N,N,"$2,500",Clear,Daylight,,Same Direction Sideswipe,S,Property Damage Only,N,"Sideswipe, Same Direction",Motor Vehicle in Transport,On Roadway,Non-Junction,N,Not at Intersection,County,Unpaved,Dry,None,,,None,,,N,N,,,,,"0","0","1","0","0","0","0","0","0","0","0","0",$0,$0,"0","0","0","2500","Mapped, On Network",-81.4252048306214,28.3977496272675,651782.945171431,490597.046780482,2/19/2020 2:52:22 PM,,,,,,,,6.000000000000000,10.000000000000000,,
"88179946",FHPK20OFF015053,FHP,Long,03:31:20,03:45 AM,Orlando,Orange,STATE ROAD 528 (BEACHLINE EXPRESSWAY),JOHN YOUNG PARKWAY,"2640",West,Rollover,"1","0","0","1",N,N,N,"$2,500",Clear,Dark - Lighted,,Rollover,E,Injury,N,Unknown,Overturn/Rollover,On Roadway,Non-Junction,N,Not at Intersection,Turnpike/Toll,Paved,Dry,None,,,None,,,N,N,,,,,"0","0","2","0","0","0","0","0","1","0","0","0",$2,$0,"0","0","0","2500","Mapped, On Network",-81.4222557313538,28.4220646404859,652014.845000499,493302.825646136,7/2/2020 4:35:42 PM,,,,,,,,6.000000000000000,10.000000000000000,,
"88304293",FHPD20OFF021465,FHP,Short,03:11:20,03:35 PM,Unincorporated,Orange,COUNTY ROAD 423 JOHN YOUNG PKWY,WHISPER LAKES BOULVEVARD,"1200",North,Sideswipe,"2","0","0","0",N,Y,N,$250,Clear,Daylight,,Same Direction Sideswipe,S,Property Damage Only,N,"Sideswipe, Same Direction",Motor Vehicle in Transport,On Roadway,Non-Junction,N,Not at Intersection,County,Unpaved,Dry,None,,,None,,,N,N,,,,,"0","0","0","0","0","0","0","0","0","0","0","0",$0,$0,"0","0","0","250","Mapped, On Network",-81.4252274729328,28.3997227149829,651776.156426551,490816.07738178,3/31/2020 12:08:30 PM,,,,,,,,6.000000000000000,10.000000000000000,,
"88306212",FHPD20OFF020633,FHP,Short,03:08:20,08:17 PM,Unincorporated,Orange,COUNTY ROAD 423 (JOHN YOUNG PARKWAY),SUBSTATION ROAD,"500",South,Rear End,"3","0","0","0",N,N,N,"$3,000",Clear,Dark - Lighted,,Rear End,S,Property Damage Only,N,Front to Rear,Motor Vehicle in Transport,On Roadway,Intersection-Related,N,Not at Intersection,County,Curb,Dry,None,,,None,,,N,N,,,,,"0","0","5","0","0","0","0","0","0","0","0","0",$0,$0,"0","1","0","3000","Mapped, On Network",-81.4259193862127,28.375833610547,651763.882945349,488162.197076693,3/24/2020 6:47:09 PM,,,,,,,,6.000000000000000,10.000000000000000,,
"88303086",FHPD20OFF021670,FHP,Short,03:12:20,09:08 AM,Orlando Expwy Auth,Orange,STATE ROAD 417,JOHN YOUNG PKWY,"10",North,Rear End,"2","0","0","0",N,N,N,$400,Cloudy,Daylight,,Rear End,S,Property Damage Only,N,Front to Rear,Motor Vehicle in Transport,On Roadway,Non-Junction,N,Not at Intersection,Turnpike/Toll,Curb,Dry,None,,,None,,,N,N,,,,,"0","0","0","0","0","0","0","0","0","0","0","0",$0,$0,"0","1","0","400","Mapped, On Network",-81.4254282154393,28.3739637714961,651816.251250396,487955.586945722,3/27/2020 12:13:50 AM,,,,,,,,6.000000000000000,10.000000000000000,,
"88289236",FHPD20OFF010975,FHP,Long,02:07:20,01:07 PM,Unincorporated,Orange,SOUTH JOHN YOUNG PARKWAY,CENTRAL FLORIDA  PARKWAY,"50",North,Rear End,"2","0","0","0",N,N,N,"$18,000",Clear,Daylight,,Rear End,S,Property Damage Only,N,Front to Rear,Motor Vehicle in Transport,On Roadway,Non-Junction,N,Not at Intersection,County,Curb,Dry,None,,,None,,,N,N,,,,,"0","0","2","0","0","0","0","0","0","0","0","0",$0,$0,"0","1","0","18000","Mapped, On Network",-81.4241903311641,28.4106510049478,651852.210154926,492031.59010498,2/17/2020 2:41:45 PM,,,,,,,,6.000000000000000,10.000000000000000,,
"88280045",FHPD20OFF010828,FHP,Short,02:06:20,10:21 PM,Orlando,Orange,2948 CAMOMILE DRIVE,JOHN YOUNG PARKWAY,"100",East,Off Road,"1","0","0","0",N,N,N,"$8,000",Clear,Dark - Lighted,,Off Road,,Property Damage Only,N,Other,Other Fixed Object,In Parking Lane or Zone,Non-Junction,N,Not at Intersection,Parking Lot,Curb,Dry,None,,,None,,,N,N,,,,,"0","0","0","0","0","0","0","0","0","0","0","0",$0,$0,"0","0","7000","1000","Mapped, Not On Network",-81.42492,28.3873700489053,651834.863662488,489445.157844432,2/8/2020 4:05:13 PM,,,,,,,,6.000000000000000,10.000000000000000,,
"88305061",FHPD20OFF029313,FHP,Short,04:24:20,12:08 PM,Orlando,Orange,SR-423 (JOHN YOUNG PKWY),CENTRAL FLORIDA PKWY,"75",South,Sideswipe,"2","0","0","0",N,N,N,"$1,500",Cloudy,Daylight,,Same Direction Sideswipe,N,Property Damage Only,N,"Sideswipe, Same Direction",Motor Vehicle in Transport,On Roadway,Intersection-Related,N,Not at Intersection,State,Unpaved,Wet,None,,,None,,,N,N,,,,,"0","0","1","0","0","0","0","0","0","0","0","0",$0,$0,"0","0","0","1500","Mapped, On Network",-81.4241322319592,28.410408569587,651858.452398365,492004.79058069,7/20/2020 10:29:18 AM,,,,,,,,6.000000000000000,10.000000000000000,,
"88299588",FHPD20OFF017102,FHP,Short,02:27:20,06:40 AM,Unincorporated,Orange,WHISPER LAKES BLVD,JOHN YOUNG PARKWAY,"10",East,Rear End,"2","0","0","0",N,N,N,"$1,000",Clear,Daylight,,Rear End,W,Property Damage Only,N,Front to Rear,Motor Vehicle in Transport,On Roadway,Non-Junction,N,Not at Intersection,Local,Curb,Dry,None,,,None,,,N,N,,,,,"0","0","0","0","0","0","0","0","0","0","0","0",$0,$0,"0","0","0","1000","Mapped, On Network",-81.4247137917977,28.3970425620138,651832.595455954,490519.542268556,3/16/2020 10:37:53 AM,,,,,,,,6.000000000000000,10.000000000000000,,
"88334200",FHPD20OFF025207,FHP,Long,03:27:20,06:10 PM,Orlando,Orange,TAFT VINELAND ROAD,SR 423 (JOHN YOUNG PARKWAY),"10",East,Rollover,"1","0","0","1",N,Y,N,"$12,500",Clear,Daylight,,Rollover,E,Injury,N,Other,Overturn/Rollover,On Roadway,Non-Junction,N,Not at Intersection,County,Curb,Dry,None,,,None,,,N,N,,,,,"0","0","0","0","0","0","0","1","0","0","0","0",$0,$0,"0","1","2500","10000","Mapped, On Network",-81.4230357342862,28.4163352113621,651951.894535476,492665.079747571,3/31/2020 12:39:02 PM,,,,,,,,6.000000000000000,10.000000000000000,,
"88286909",FHPD20OFF015866,FHP,Long,02:23:20,03:06 AM,Orlando,Orange,CENTRAL FLORIDA PKWY.,SR423 (JOHN YOUNG PKWY.,"0",,Off Road,"1","0","0","0",N,N,N,$300,Clear,Dark - Lighted,,Off Road,E,Property Damage Only,N,Other,Curb,Shoulder,Intersection-Related,N,Not at Intersection,Local,Curb,Dry,None,,,None,,,N,N,,,,,"0","0","0","0","0","0","0","0","0","0","0","0",$0,$0,"0","0","0","300","Mapped, On Network",-81.4246052672551,28.4101415128774,651812.826914716,491974.172582589,3/10/2020 5:56:40 PM,,,,,,,,6.000000000000000,10.000000000000000,,
"88281702",FHPD20OFF014332,FHP,Long,02:18:20,09:53 AM,Orlando,Orange,JOHN YOUNG PARKWAY,TAFT VINELAND ROAD,"50",South,Rear End,"2","0","0","1",N,Y,N,"$2,000",Clear,Daylight,,Rear End,N,Injury,N,Front to Rear,Motor Vehicle in Transport,On Roadway,Non-Junction,N,Not at Intersection,County,Curb,Dry,None,,,None,,,N,N,,,,,"0","0","0","0","0","0","0","0","1","0","0","0",$0,$0,"0","2","0","2000","Mapped, On Network",-81.4227203113376,28.4160313588193,651983.434421716,492631.986780014,2/21/2020 12:07:34 PM,,,,,,,,6.000000000000000,10.000000000000000,,
"89392071",20I021149,Osceola Co SO,Short,02:27:20,01:40 PM,Unincorporated,Osceola,JOHN YOUNG PKWY N,THACKER AVE N,"10",North,Rear End,"2","0","0","0",N,N,N,"$2,000",Clear,Daylight,,Rear End,S,Property Damage Only,N,Front to Rear,Motor Vehicle in Transport,On Roadway,Intersection,N,Four-Way Intersection,County,Unpaved,Dry,None,,,None,,,N,N,,,,,"0","0","1","0","0","0","0","0","0","0","0","0",$0,$0,"0","1","0","2000","Mapped, On Network",-81.4197902400755,28.3472229649474,652429.749462023,484998.014322637,3/16/2020 6:15:11 PM,,,,,,,,6.000000000000000,7.000000000000000,,
"88304498",FHPD20OFF014666,FHP,Long,02:19:20,11:00 AM,Kissimmee,Osceola,N JOHN YOUNG PKWY,THACKER AVE,"0",,Right Turn,"2","0","0","0",N,N,N,"$2,500",Clear,Daylight,,Right/Left,S,Property Damage Only,N,Other,Motor Vehicle in Transport,On Roadway,Intersection,N,Four-Way Intersection,County,Unpaved,Dry,None,,,None,,,N,N,,,,,"0","0","0","0","0","0","0","0","0","0","0","0",$0,$0,"0","1","0","2500","Mapped, On Network",-81.4197618332325,28.3470870264515,652432.844049331,484982.978879513,3/16/2020 5:09:25 PM,,,,,,,,6.000000000000000,7.000000000000000,,
"89392073",20I021103,Osceola Co SO,Short,02:27:20,11:42 AM,Unincorporated,Osceola,JOHN YOUNG PKWY N,THACKER AVE N,"25",South,Rear End,"2","0","0","0",N,N,N,"$1,000",Clear,Daylight,,Rear End,N,Property Damage Only,N,Front to Rear,Motor Vehicle in Transport,On Roadway,Non-Junction,N,Not at Intersection,Local,Curb,Dry,None,,,None,,,N,N,,,,,"0","0","0","0","0","0","0","0","0","0","0","0",$0,$0,"0","0","0","1000","Mapped, On Network",-81.4195567131664,28.346922444643,652453.291114725,484965.124858642,3/17/2020 3:39:51 PM,,,,,,,,6.000000000000000,7.000000000000000,,
"88301281",FHPD20OFF017791,FHP,Short,02:28:20,07:15 PM,Orlando,Orange,STATE ROAD 423 - JOHN YOUNG PKWY,NATIONAL PARKS DRIVE,"0",,Left Turn,"2","0","0","0",N,N,N,"$8,000",Clear,Dusk,,Left Entering,E,Property Damage Only,N,Angle,Motor Vehicle in Transport,On Roadway,Intersection,N,Four-Way Intersection,State,Curb,Dry,None,,,None,,,N,N,,,,,"0","0","0","0","0","0","0","0","0","0","0","0",$0,$0,"0","0","0","8000","Mapped, On Network",-81.4258886677588,28.3702693872048,651779.785266673,487544.449742058,3/18/2020 3:01:07 PM,,,,,,,,6.000000000000000,7.000000000000000,,
"88289399",FHPD20OFF015402,FHP,Long,02:21:20,01:35 PM,Unincorporated,Orange,COUNTY ROAD 423 (JOHN YOUNG PKWY),NATIONAL PARKS DRIVE,"0",,Left Turn,"2","0","0","0",N,N,N,"$2,000",Clear,Daylight,,Left Entering,E,Property Damage Only,N,Front to Rear,Motor Vehicle in Transport,On Roadway,Intersection,N,Four-Way Intersection,County,Curb,Dry,None,,,None,,,N,N,,,,,"0","0","2","0","0","0","0","0","0","0","0","0",$0,$0,"0","0","0","2000","Mapped, On Network",-81.4256974450628,28.3701918292581,651798.666282198,487536.228730496,2/25/2020 9:55:16 AM,,,,,,,,6.000000000000000,7.000000000000000,,
"88334185",FHPD20OFF024086,FHP,Short,03:21:20,01:50 PM,Orlando,Orange,SR 423 (JOHN YOUNG PARKWAY),TOWN CENTER BOULEVARD,"20",South,Sideswipe,"2","0","0","0",N,Y,N,"$2,500",Clear,Daylight,,Same Direction Sideswipe,S,Property Damage Only,N,"Sideswipe, Same Direction",Motor Vehicle in Transport,On Roadway,Non-Junction,N,Not at Intersection,State,Unpaved,Dry,None,,,None,,,N,N,,,,,"0","0","1","0","0","0","0","0","0","0","0","0",$0,$0,"0","1","0","2500","Mapped, On Network",-81.4240269934343,28.3640537811524,651976.272103016,486858.117601607,3/25/2020 2:22:11 PM,,,,,,,,6.000000000000000,7.000000000000000,,
"88305420",FHPD20OFF015232,FHP,Long,02:21:20,12:30 AM,Orlando,Orange,STATE ROAD 423 (JOHN YOUNG PKWY),TOWN CENTER BLVD,"0",,Left Turn,"2","0","0","1",N,Y,N,"$4,000",Clear,Dark - Lighted,,Left Entering,S,Injury,N,Angle,Motor Vehicle in Transport,On Roadway,Intersection,N,Four-Way Intersection,State,Curb,Dry,None,,,None,,,N,N,,,,,"0","0","0","0","0","0","0","1","0","0","0","0",$0,$0,"0","1","0","4000","Mapped, On Network",-81.4237162270132,28.3642522351639,652006.205780474,486880.787505131,3/6/2020 8:59:54 PM,,,,,,,,6.000000000000000,7.000000000000000,,
"88304263",FHPD20OFF018514,FHP,Long,03:02:20,02:50 PM,Unincorporated,Orange,COUNTY ROAD 423 JOHN YOUNG PKWY,HUNTERS PARK  LANE,"400",South,Sideswipe,"2","0","0","0",N,Y,N,"$2,800",Clear,Daylight,,Same Direction Sideswipe,S,Property Damage Only,N,"Sideswipe, Same Direction",Motor Vehicle in Transport,On Roadway,Non-Junction,N,Not at Intersection,County,Curb,Dry,None,,,None,,,N,N,,,,,"0","0","0","0","0","0","0","0","0","0","0","0",$0,$0,"0","2","0","2800","Mapped, On Network",-81.4253210458181,28.366650965291,651843.687226596,487143.846113524,3/25/2020 3:32:40 PM,,,,,,,,6.000000000000000,7.000000000000000,,
"88296720",FHPD20OFF023098,FHP,Long,03:17:20,10:06 AM,Orlando,Orange,JOHN YOUNG PARKWAY,ZAHARIAS DRIVE,"0",,Left Turn,"2","0","0","0",N,Y,N,"$6,000",Clear,Daylight,,Left Leaving,E,Property Damage Only,N,Angle,Motor Vehicle in Transport,On Roadway,Non-Junction,N,Not at Intersection,Local,Curb,Dry,None,,,None,,,N,N,,,,,"0","0","0","0","0","0","0","0","0","0","0","0",$0,$0,"0","1","0","6000","Mapped, On Network",-81.4198334964822,28.3566317157035,652403.656708612,486042.602987397,3/30/2020 3:40:42 PM,,,,,,,,6.000000000000000,7.000000000000000,,
"88295565",FHPD20OFF013807,FHP,Long,02:16:20,04:25 PM,Unincorporated,Orange,COUNTY ROAD 423 (JOHN YOUNG PARKWAY),HUNTERS CREEK BOULEVARD,"1000",South,Rear End,"2","0","0","3",N,Y,N,"$4,500",Clear,Daylight,,Rear End,S,Injury,N,Front to Rear,Motor Vehicle in Transport,On Roadway,Non-Junction,N,Not at Intersection,County,Unpaved,Dry,None,,,None,,,N,N,,,,,"0","0","1","0","0","0","0","2","1","0","0","0",$1,$0,"0","2","0","4500","Mapped, On Network",-81.4197929940847,28.3502167485156,652422.523828416,485330.416004717,3/5/2020 10:33:59 AM,,,,,,,,6.000000000000000,7.000000000000000,,
"88288708",FHPD20OFF013273,FHP,Long,02:14:20,07:58 PM,Orlando,Orange,JOHN YOUNG PKWY SR423,NATIONAL PARKS DR,"65",North,Rear End,"2","0","0","0",N,Y,N,"$3,500",Rain,Dark - Lighted,,Rear End,N,Property Damage Only,N,Front to Rear,Motor Vehicle in Transport,On Roadway,Non-Junction,N,Not at Intersection,State,Paved,Wet,None,,,None,,,N,N,,,,,"0","0","3","0","0","0","0","0","0","0","0","0",$0,$0,"0","1","0","3500","Mapped, On Network",-81.425698156108,28.3698610205683,651799.363638326,487499.496736201,2/26/2020 11:08:40 AM,,,,,,,,6.000000000000000,7.000000000000000,,
"88300382",FHPD20OFF012613,FHP,Long,02:12:20,09:01 PM,Orlando,Orange,S JOHN YOUNG PARKWAY,STATE ROAD 417,"26400",South,Rear End,"3","0","0","5",Y,N,N,"$17,000",Clear,Dark - Lighted,,Rear End,N,Injury,N,Front to Rear,Motor Vehicle in Transport,On Roadway,Non-Junction,N,Not at Intersection,Local,Paved,Dry,None,,,None,,,N,N,,,,,"0","0","2","0","0","0","0","4","1","0","0","0",$1,$0,"0","2","0","17000","Mapped, On Network",-81.4256372416999,28.3715857103716,651801.322629004,487691.117874527,2/17/2020 4:05:03 PM,,,,,,,,6.000000000000000,7.000000000000000,,
"89392070",20I021138,Osceola Co SO,Short,02:27:20,01:18 PM,Kissimmee,Osceola,JOHN YOUNG PKWY,JOHN YOUNG PKWY,"10",North,Rear End,"2","0","0","0",N,N,N,$800,Clear,Daylight,"3286",Rear End,S,Property Damage Only,Y,Front to Rear,Motor Vehicle in Transport,On Roadway,Intersection,Y,T-Intersection,County,Paved,Dry,None,,,None,,,N,N,,,,,"0","0","1","0","0","0","0","0","0","0","0","0",$0,$0,"0","0","0","800","Mapped, On Network",-81.4197734654371,28.343079790257,652441.017330334,484538.021529971,3/17/2020 12:16:39 PM,,,,,,,,6.000000000000000,7.000000000000000,,
"88304714",FHPD20OFF022532,FHP,Long,03:14:20,08:55 PM,Unincorporated,Orange,COUNTY ROAD 423 (JOHN YOUNG PARKWAY),STATE ROAD 417,"100",South,Rear End,"2","0","0","1",N,Y,N,"$1,000",Clear,Dark - Lighted,,Rear End,N,Injury,N,Front to Rear,Motor Vehicle in Transport,On Roadway,Non-Junction,N,Not at Intersection,County,Curb,Dry,None,,,None,,,N,N,,,,,"0","0","2","0","0","0","0","1","0","0","0","0",$0,$0,"0","1","0","1000","Mapped, On Network",-81.4256700001313,28.3712598920626,651798.87428978,487654.874537832,3/25/2020 3:54:45 PM,,,,,,,,6.000000000000000,7.000000000000000,,
"88292245",FHPD20OFF016193,FHP,Long,02:24:20,11:20 AM,Orlando,Orange,13950 JOHN YOUNG PKWY,TOWN CENTER BLVD,"0",,Unknown,"2","0","0","1",N,N,N,"$5,000",Clear,Daylight,,Unknown,,Injury,N,Angle,Motor Vehicle in Transport,On Roadway,Non-Junction,N,Not at Intersection,Parking Lot,Curb,Dry,None,,,None,,,N,N,,,,,"0","0","1","0","0","0","0","1","0","0","0","0",$0,$0,"0","2","0","5000","Mapped, Not On Network",-81.42382,28.3642700488276,651996.015093749,486882.553334916,2/29/2020 3:04:44 PM,,,,,,,,6.000000000000000,7.000000000000000,,
"88310959",FHPD20OFF029772,FHP,Long,04:27:20,01:13 PM,Kissimmee,Osceola,N JOHN YOUNG PARKWAY,THACKER AVENUE,"10",North,Rear End,"2","0","0","1",N,N,N,"$2,500",Clear,Daylight,,Rear End,S,Injury,N,Front to Rear,Motor Vehicle in Transport,On Roadway,Intersection-Related,N,Four-Way Intersection,Local,Paved,Dry,None,,,None,,,N,N,,,,,"0","0","3","0","0","0","0","1","0","0","0","0",$0,$0,"0","1","0","2500","Mapped, On Network",-81.4197705190745,28.3529130148032,652418.457250923,485629.835223164,5/11/2020 4:51:07 PM,,,,,,,,6.000000000000000,7.000000000000000,,
"88305464",FHPD20OFF022287,FHP,Long,03:14:20,03:15 AM,Orlando,Orange,COUNTY ROAD 423 (S JOHN YOUNG PKWY),STATE ROAD 417,"0",,Other,"2","0","0","0",N,N,N,"$2,000",Clear,Dark - Lighted,,Other,S,Property Damage Only,N,Other,Motor Vehicle in Transport,On Roadway,Intersection,N,Four-Way Intersection,County,Curb,Dry,None,,,None,,,N,N,,,,,"0","0","0","0","0","0","0","0","0","0","0","0",$0,$0,"0","0","0","2000","Mapped, On Network",-81.4258242835947,28.3728127922895,651780.185973001,487826.982026737,3/31/2020 12:32:09 PM,,,,,,,,6.000000000000000,7.000000000000000,,
"88285228",FHPD20OFF015230,FHP,Long,02:20:20,10:30 PM,Orlando,Orange,STATE ROAD 423 (JOHN YOUNG PARKWAY),TOWN CENTER BOULEVARD,"0",,Rear End,"2","0","0","0",N,N,N,"$13,000",Cloudy,Dark - Lighted,,Rear End,N,Property Damage Only,N,Front to Rear,Motor Vehicle in Transport,On Roadway,Non-Junction,N,Not at Intersection,State,Curb,Dry,None,,,None,,,N,N,,,,,"0","0","0","0","0","0","0","0","0","0","0","0",$0,$0,"0","0","0","13000","Mapped, On Network",-81.4236020432533,28.363795533321,652018.432958516,486830.31208431,2/24/2020 1:10:09 PM,,,,,,,,6.000000000000000,7.000000000000000,,
"88295588",FHPD20OFF017357,FHP,Long,02:27:20,04:50 PM,Unincorporated,Orange,COUNTY ROAD 423 JOHN YOUNG PARKWAY,ZAHARIAS DRIVE,"10",North,Sideswipe,"2","0","0","1",N,Y,N,"$2,450",Clear,Daylight,,Same Direction Sideswipe,N,Injury,N,"Sideswipe, Same Direction",Motor Vehicle in Transport,On Roadway,Intersection-Related,N,Not at Intersection,County,Unpaved,Dry,None,,,None,,,N,N,,,,,"0","0","0","0","0","0","0","1","0","0","0","0",$0,$0,"0","3","0","2450","Mapped, On Network",-81.4199689332238,28.3568767053932,652389.840392415,486069.527597187,3/25/2020 2:59:55 PM,,,,,,,,6.000000000000000,7.000000000000000,,
"88277805",FHPD20OFF014582,FHP,Long,02:19:20,02:41 AM,Orlando,Orange,JOHN YOUNG PARKWAY,HUNTERS CREEK BOULEVARD,"0",,Rear End,"2","0","0","0",N,N,N,"$5,000",Clear,Dark - Lighted,,Rear End,S,Property Damage Only,N,Front to Rear,Motor Vehicle in Transport,On Roadway,Non-Junction,N,Not at Intersection,Local,Curb,Dry,None,,,None,,,N,N,,,,,"0","0","0","0","0","0","0","0","0","0","0","0",$0,$0,"0","1","0","5000","Mapped, On Network",-81.4197529112899,28.3532542044538,652419.386744943,485667.754407559,6/4/2020 5:31:49 PM,,,,,,,,6.000000000000000,7.000000000000000,,
"88307065",FHPD20OFF027683,FHP,Long,04:13:20,07:10 PM,Orlando,Orange,COUNTY ROAD 423 (JOHN YOUNG PARKWAY),HUNTERS CREEK BOULEVARD,"50",North,Rear End,"2","0","0","1",N,N,N,"$2,000",Clear,Daylight,,Rear End,S,Injury,N,Front to Rear,Motor Vehicle in Transport,On Roadway,Non-Junction,N,Not at Intersection,County,Paved,Dry,None,,,None,,,N,N,,,,,"0","0","0","0","0","0","0","1","0","0","0","0",$0,$0,"0","0","0","2000","Mapped, On Network",-81.4197439633581,28.3533424547817,652420.05691298,485677.571378665,6/29/2020 12:22:57 AM,,,,,,,,6.000000000000000,7.000000000000000,,
"88285235",FHPD20OFF017449,FHP,Short,02:27:20,11:12 PM,Orlando,Orange,STATE ROAD 423 (JOHN YOUNG PARKWAY),HUNTERS CREEK BOULEVARD,"0",,Bicycle,"1","1","0","0",N,N,N,$51,Cloudy,Dark - Lighted,,Bicycle,S,Property Damage Only,N,Other,Pedalcycle,On Roadway,Non-Junction,N,Not at Intersection,State,Paved,Dry,None,,,None,,,N,N,,,,,"0","0","0","1","0","0","0","0","0","0","0","0",$0,$0,"0","0","1","50","Mapped, On Network",-81.4197070918605,28.3531806964322,652424.039301748,485659.686419012,3/18/2020 2:07:27 PM,,,,,,,,6.000000000000000,7.000000000000000,,
"88286065",FHPD20OFF015926,FHP,Short,02:23:20,11:05 AM,Orlando,Orange,N JOHN YOUNG PKWY,TOWN CENTER BLVD,"450",South,Rear End,"2","0","0","0",N,N,N,"$4,550",Clear,Daylight,,Rear End,N,Property Damage Only,N,Front to Rear,Motor Vehicle in Transport,On Roadway,Non-Junction,N,Not at Intersection,County,Paved,Dry,None,,,None,,,N,N,,,,,"0","0","0","0","0","0","0","0","0","0","0","0",$0,$0,"0","1","0","4550","Mapped, On Network",-81.4232203084341,28.3631692399019,652057.221408581,486761.55334067,4/6/2020 4:24:26 PM,,,,,,,,6.000000000000000,7.000000000000000,,
"88293954",FHPD20OFF022505,FHP,Short,03:14:20,07:17 PM,Orlando,Orange,SR-423 (JOHN YOUNG PKWY),TEAL POINT DR,"50",North,Sideswipe,"2","0","0","0",N,N,N,"$4,000",Clear,Dark - Lighted,,Same Direction Sideswipe,S,Property Damage Only,N,"Sideswipe, Same Direction",Motor Vehicle in Transport,On Roadway,Non-Junction,N,Not at Intersection,State,Curb,Dry,None,,,None,,,N,N,,,,,"0","0","1","0","0","0","0","0","0","0","0","0",$0,$0,"0","1","0","4000","Mapped, On Network",-81.4257544621248,28.368163978938,651797.791065541,487310.954847459,3/25/2020 2:17:55 PM,,,,,,,,6.000000000000000,7.000000000000000,,
"88263978",FHPD20OFF014752,FHP,Long,02:19:20,03:32 PM,Orlando Expwy Auth,Orange,SR-417,JOHN YOUNG PARKWAY,"20",South,Rear End,"2","0","0","2",N,N,N,"$6,000",Clear,Daylight,,Rear End,N,Injury,N,Front to Rear,Motor Vehicle in Transport,On Roadway,Entrance/Exit Ramp,N,Not at Intersection,Turnpike/Toll,Paved,Dry,None,,,None,,,N,N,,,,,"0","0","1","0","0","0","0","1","1","0","0","0",$0,$0,"0","1","0","6000","Mapped, On Network",-81.4259641344473,28.3714782242617,651769.60267843,487678.515959637,2/25/2020 10:38:08 AM,,,,,,,,6.000000000000000,7.000000000000000,,