HSMV_Report_Number,Agency_Report_Number,Reporting_Agency,Form_Type,Crash_Date,Crash_Time,City,County,Crash_Street,Intersecting_Street,Offset_Distance,Offset_Direction,Crash_Type,Vehicles,Non_Motorists,Fatalities,Injuries,Alcohol_Related,Distraction_Related,Drug_Related,Estimated_Damages,Weather_Condition,Light_Condition,Street_Number,Crash_Type_Detailed,Crash_Type_Dir,Crash_Severity,Within_City_Limits,Manner_of_Collision,First_Harmful_Event,First_HE_Location,First_HE_Relation_to_Jct,First_HE_Within_Interchange,Type_of_Intersection,Road_Sys_Identifier,Type_of_Shoulder,Road_Surf_Cond,Contrib_Circum_Road1,Contrib_Circum_Road2,Contrib_Circum_Road3,Contrib_Circum_Env1,Contrib_Circum_Env2,Contrib_Circum_Env3,School_Bus_Related,Work_Zone_Related,Type_of_Work_Zone,Loc_in_Work_Zone,Workers_in_Work_Zone,Law_Enforcement_in_Work_Zone,Mopeds,Motorcycles,Passengers,Bicyclists,Pedestrians,Fatalities_Unrestrained,Injuries_Unrestrained,Possible_Injuries,Non_Incapacitating_Injuries,Incapacitating_Injuries,Fatalities_30_Days,Non_Traffic_Fatalities,Transported_by_EMS,Transported_by_Law_Enforcement,Transported_by_Other,Citations,Property_Dmg_Amt,Vehicle_Dmg_Amt,S4_Mapping,S4_Decimal_Degree_Longitude,S4_Decimal_Degree_Latitude,S4_Albers_X,S4_Albers_Y,S4_Mapping_Date,FID,ROADWAY,COLOR_CODE,DISTRICT,COUNTYDOT,COUNTY_2,MNG_DIST,BEGIN_POST,END_POST,Shape_Leng,Shape__Len
"88280642",FHPD20OFF018549,FHP,Long,03:02:20,04:08 PM,Orlando,Orange,JOHN YOUNG PARKWAY,HUNTERS CREEK BOULEVARD,"150",North,Rear End,"4","0","0","3",N,N,N,"$17,250",Clear,Daylight,,Rear End,S,Injury,N,Front to Rear,Motor Vehicle in Transport,On Roadway,Non-Junction,N,Not at Intersection,County,Paved,Dry,None,,,None,,,N,N,,,,,"0","0","0","0","0","0","0","3","0","0","0","0",$0,$0,"0","1","0","17250","Mapped, On Network",-81.4197691134196,28.3538299221737,652416.464233042,485731.644623621,3/25/2020 4:05:31 PM,,,,,,,,6.000000000000000,7.000000000000000,,
"88304276",FHPD20OFF019540,FHP,Long,03:05:20,02:10 PM,Unincorporated,Orange,COUNTY ROAD 423 JOHN YOUNG PKWY,NATIONAL PARKS DRIVE,"0",,Left Turn,"2","0","0","2",N,Y,N,"$5,500",Clear,Daylight,,Left Entering,N,Injury,N,Angle,Motor Vehicle in Transport,On Roadway,Intersection,N,Four-Way Intersection,County,Unpaved,Dry,None,,,None,,,N,N,,,,,"0","0","0","0","0","0","0","1","1","0","0","0",$1,$0,"0","2","0","5500","Mapped, On Network",-81.4256766437064,28.3702131565114,651800.651174664,487538.639225388,3/25/2020 3:30:38 PM,,,,,,,,6.000000000000000,7.000000000000000,,
"88278759",FHPD20OFF015141,FHP,Long,02:20:20,05:34 PM,Unincorporated,Orange,NATIONAL PARKS DRIVE,COUNTY ROAD 423 (JOHN YOUNG PARKWAY),"20",East,Rear End,"2","0","0","3",N,N,N,$500,Clear,Daylight,,Rear End,W,Injury,N,Front to Rear,Motor Vehicle in Transport,On Roadway,Intersection-Related,N,Not at Intersection,Local,Curb,Dry,None,,,None,,,N,N,,,,,"0","0","3","0","0","0","0","3","0","0","0","0",$0,$0,"0","3","0","500","Mapped, On Network",-81.4254546166643,28.3702678397075,651822.238228068,487545.164226821,3/15/2020 7:37:00 PM,,,,,,,,6.000000000000000,7.000000000000000,,
"83706287",FHPD20OFF015110,FHP,Long,02:20:20,04:45 PM,Orlando,Orange,COUTY ROAD 423 (JOHN YOUNG PKWY),TEAL POINT DR,"1320",South,Rear End,"3","0","0","3",N,Y,N,"$8,500",Clear,Daylight,,Rear End,N,Injury,N,Front to Rear,Motor Vehicle in Transport,On Roadway,Non-Junction,N,Not at Intersection,County,Unpaved,Dry,None,,,None,,,N,N,,,,,"0","0","1","0","0","0","0","3","0","0","0","0",$0,$0,"0","1","0","8500","Mapped, On Network",-81.4242001394692,28.365034170465,651957.063681062,486966.618953653,3/2/2020 3:59:02 PM,,,,,,,,6.000000000000000,7.000000000000000,,
"88296937",FHPD20OFF017685,FHP,Long,02:28:20,04:15 PM,Orlando,Orange,STATE ROAD 423(JOHN YOUNG PARKWAY),STATE ROAD 417,"25",West,Rear End,"2","0","0","0",N,Y,N,$650,Clear,Daylight,,Rear End,E,Property Damage Only,N,Front to Rear,Motor Vehicle in Transport,On Roadway,Non-Junction,N,Not at Intersection,State,Curb,Dry,None,,,None,,,N,N,,,,,"0","0","2","0","0","0","0","0","0","0","0","0",$0,$0,"0","1","0","650","Mapped, On Network",-81.4256694247851,28.3717064757545,651797.895255824,487704.461050347,3/25/2020 1:48:56 PM,,,,,,,,6.000000000000000,7.000000000000000,,
"88263993",FHPD20OFF019882,FHP,Long,03:06:20,12:33 PM,Orlando Expwy Auth,Orange,SR-417,JOHN YOUNG PARKWAY,"20",South,Rear End,"2","0","0","2",N,N,N,"$2,100",Clear,Daylight,,Rear End,N,Injury,N,Front to Rear,Motor Vehicle in Transport,On Roadway,Entrance/Exit Ramp,N,Not at Intersection,Turnpike/Toll,Paved,Dry,None,,,None,,,N,N,,,,,"0","0","1","0","0","0","0","2","0","0","0","0",$0,$0,"0","1","0","2100","Mapped, On Network",-81.4260550668108,28.3715264446951,651760.597993056,487683.684346702,3/26/2020 12:32:45 PM,,,,,,,,6.000000000000000,7.000000000000000,,
"88290150",FHPD20OFF019499,FHP,Short,03:05:20,11:55 AM,Orlando,Orange,JOHN YOUNG PKWY,TEAL POINT DR,"10",South,Other,"2","0","0","0",N,Y,N,"$1,500",Clear,Daylight,,Backed Into,S,Property Damage Only,N,Front to Rear,Motor Vehicle in Transport,On Roadway,Intersection-Related,N,Not at Intersection,County,Curb,Dry,Work Zone,,,None,,,N,Y,Lane Closure,Advance Warning Area,Y,N,"0","0","0","0","0","0","0","0","0","0","0","0",$0,$0,"0","1","0","1500","Mapped, On Network",-81.4256326698058,28.3676600589838,651810.870593085,487255.252008287,4/6/2020 5:40:28 PM,,,,,,,,6.000000000000000,7.000000000000000,,
"88316225",FHPD20OFF028952,FHP,Short,04:22:20,11:33 AM,Orlando,Orange,TOWN CENTER BOULEVARD,JOHN YOUNG PARWAY,"0",,Angle,"2","0","0","0",N,N,N,"$7,000",Clear,Daylight,,Right Angle,NW,Property Damage Only,N,Angle,Motor Vehicle in Transport,On Roadway,Driveway/Alley Access Related,N,Not at Intersection,Local,Curb,Dry,None,,,None,,,N,N,,,,,"0","0","1","0","0","0","0","0","0","0","0","0",$0,$0,"0","1","0","7000","Mapped, On Network",-81.4238375425099,28.3645203372284,651993.718726529,486910.307648115,6/12/2020 2:36:10 PM,,,,,,,,6.000000000000000,7.000000000000000,,
"88304990",FHPD20OFF019538,FHP,Long,03:05:20,02:07 PM,Orlando,Orange,TOWN LOOP BLVD,JOHN YOUNG PKWY SR423,"150",West,Left Turn,"2","0","0","0",N,N,N,"$3,000",Clear,Daylight,,Left Rear,N,Property Damage Only,N,Angle,Motor Vehicle in Transport,On Roadway,Driveway/Alley Access Related,N,Not at Intersection,County,Paved,Dry,None,,,None,,,N,N,,,,,"0","0","0","0","0","0","0","0","0","0","0","0",$0,$0,"0","1","0","3000","Mapped, On Network",-81.4220305421052,28.3608891983599,652178.879066076,486510.827026682,3/25/2020 3:57:38 PM,,,,,,,,6.000000000000000,7.000000000000000,,
"88278760",FHPD20OFF015235,FHP,Long,02:20:20,11:15 PM,Unincorporated,Orange,COUNTY ROAD 423 (JOHN YOUNG PARKWAY),TOWN CENTER BOULEVARD,"10",South,Rear End,"2","0","0","0",N,N,N,"$6,000",Clear,Dark - Lighted,,Rear End,N,Property Damage Only,N,Front to Rear,Motor Vehicle in Transport,On Roadway,Intersection-Related,N,Not at Intersection,County,Curb,Dry,None,,,None,,,N,N,,,,,"0","0","0","0","0","0","0","0","0","0","0","0",$0,$0,"0","2","0","6000","Mapped, On Network",-81.4237673358221,28.3641188405318,652001.516633833,486865.871912632,3/2/2020 4:02:13 PM,,,,,,,,6.000000000000000,7.000000000000000,,
"89392136",20I029206,Osceola Co SO,Short,03:20:20,06:55 PM,Unincorporated,Osceola,N JOHN YOUNG PKWY,GREENWALD WAY N,"73",South,Rear End,"2","0","0","0",N,Y,N,$200,Clear,Dark - Lighted,,Rear End,N,Property Damage Only,N,Front to Rear,Motor Vehicle in Transport,On Roadway,Non-Junction,N,Not at Intersection,State,Curb,Dry,None,,,None,,,N,N,,,,,"0","0","0","0","0","0","0","0","0","0","0","0",$0,$0,"0","0","0","200","Mapped, On Network",-81.4195978907726,28.3467791619897,652449.596112714,484949.131525854,3/24/2020 2:53:01 PM,,,,,,,,6.000000000000000,7.000000000000000,,
"88313032",FHPD20OFF029561,FHP,Long,04:25:20,09:15 PM,Orlando,Orange,N JOHN YOUNG PKWY,TOWN LOOP BLVD,"20",South,Rear End,"2","0","0","0",N,N,N,"$2,000",Clear,Dark - Lighted,,Rear End,N,Property Damage Only,N,Front to Rear,Motor Vehicle in Transport,On Roadway,Non-Junction,N,Not at Intersection,County,Paved,Dry,None,,,None,,,N,N,,,,,"0","0","0","0","0","0","0","0","0","0","0","0",$0,$0,"0","0","0","2000","Mapped, On Network",-81.4220442230038,28.3610548061185,652177.156521403,486529.186898146,7/19/2020 11:52:18 PM,,,,,,,,6.000000000000000,7.000000000000000,,
"89392075",20I021502,Osceola Co SO,Short,02:28:20,01:00 PM,Unincorporated,Osceola,CR 522,US 441,"575",West,Rear End,"2","0","0","0",N,N,N,$100,Clear,Daylight,,Rear End,E,Property Damage Only,N,Front to Rear,Motor Vehicle in Transport,On Roadway,Non-Junction,N,Not at Intersection,County,Unpaved,Dry,None,,,None,,,N,N,,,,,"0","0","1","0","0","0","0","0","0","0","0","0",$0,$0,"0","0","0","100","Mapped, On Network",-81.4056267262223,28.3372280004743,653838.556509676,483917.323704088,3/4/2020 4:08:54 PM,,,,,,,,7.000000000000000,8.000000000000000,,
"88281475",FHPD20OFF016357,FHP,Long,02:24:20,06:55 PM,Unincorporated,Osceola,CENTERVIEW BOULEVARD,OSCEOLA PARKWAY,"35",North,Rear End,"2","0","0","0",N,N,N,$150,Clear,Dusk,,Rear End,S,Property Damage Only,N,Front to Rear,Motor Vehicle in Transport,On Roadway,Non-Junction,N,Not at Intersection,Local,Curb,Dry,None,,,None,,,N,N,,,,,"0","0","1","0","0","0","0","0","0","0","0","0",$0,$0,"0","0","0","150","Mapped, On Network",-81.4119739785067,28.3405701932441,653209.830902346,484275.365714038,3/8/2020 5:26:38 PM,,,,,,,,7.000000000000000,8.000000000000000,,
"88312988",FHPD20OFF017907,FHP,Long,02:29:20,09:50 AM,Kissimmee,Osceola,ORANGE BLOSSOM TRAIL,OSCEOLA PARKWAY,"50",West,Rear End,"3","0","0","2",N,N,N,"$6,400",Clear,Daylight,,Rear End,N,Injury,N,Front to Rear,Motor Vehicle in Transport,On Roadway,Non-Junction,N,Not at Intersection,State,Paved,Dry,None,,,None,,,N,N,,,,,"0","0","0","0","0","0","0","2","0","0","0","0",$0,$0,"0","1","0","6400","Mapped, On Network",-81.4035810619244,28.3366687262413,654039.98641201,483859.438829687,3/23/2020 3:14:22 PM,,,,,,,,7.000000000000000,8.000000000000000,,
"88311105",FHPD20OFF020541,FHP,Long,03:08:20,02:15 PM,Kissimmee,Osceola,OSCEOLA PKWY,ORANGE BLOSSOM TRL,"100",East,Rear End,"3","0","0","0",N,N,N,"$4,000",Clear,Daylight,,Rear End,W,Property Damage Only,N,Front to Rear,Motor Vehicle in Transport,On Roadway,Non-Junction,N,Not at Intersection,County,Curb,Dry,None,,,None,,,N,N,,,,,"0","0","0","0","0","0","0","0","0","0","0","0",$0,$0,"0","1","0","4000","Mapped, On Network",-81.4034437916018,28.3373604848634,654051.797764382,483936.529126627,3/17/2020 12:17:26 PM,,,,,,,,7.000000000000000,8.000000000000000,,
"88280617",FHPD20OFF011140,FHP,Long,02:07:20,07:45 PM,Kissimmee,Osceola,OSCEOLA PARKWAY (COUNTY ROAD 522),ORANGE BLOSSOM TRAIL,"100",East,Rear End,"3","0","0","3",N,N,N,"$27,500",Clear,Dark - Lighted,,Rear End,W,Injury,N,Front to Rear,Motor Vehicle in Transport,On Roadway,Non-Junction,N,Not at Intersection,County,Paved,Dry,None,,,None,,,N,N,,,,,"0","0","0","0","0","0","0","3","0","0","0","0",$2,$0,"0","1","0","27500","Mapped, On Network",-81.4033656772293,28.3373948617445,654059.35910223,483940.507001415,3/16/2020 3:06:39 PM,,,,,,,,7.000000000000000,8.000000000000000,,
"88258792",FHPD20OFF010766,FHP,Short,02:06:20,06:25 PM,Kissimmee,Osceola,W OSCEOLA PKWY,CENTERVIEW BOULEVARD,"200",East,Rear End,"2","0","0","0",N,N,N,"$4,000",Clear,Daylight,,Rear End,W,Property Damage Only,N,Front to Rear,Motor Vehicle in Transport,On Roadway,Non-Junction,N,Not at Intersection,County,Paved,Dry,None,,,None,,,N,N,,,,,"0","0","0","0","0","0","0","0","0","0","0","0",$0,$0,"0","1","0","4000","Mapped, On Network",-81.4115270017762,28.3404435375857,653253.851462865,484262.22072229,3/12/2020 4:02:35 PM,,,,,,,,7.000000000000000,8.000000000000000,,
"89392034",20I019488,Osceola Co SO,Short,02:22:20,10:15 PM,Unincorporated,Osceola,W OSCEOLA PKWY,CENTERVIEW BLVD,"118",West,Sideswipe,"2","0","0","0",N,N,N,"$3,000",Clear,Dark - Lighted,,Same Direction Sideswipe,E,Property Damage Only,N,"Sideswipe, Same Direction",Motor Vehicle in Transport,On Roadway,Non-Junction,N,Not at Intersection,County,Unpaved,Dry,None,,,None,,,N,N,,,,,"0","0","1","0","0","0","0","0","0","0","0","0",$0,$0,"0","0","0","3000","Mapped, On Network",-81.4123493350571,28.3406631164554,653172.895254932,484284.912511215,2/25/2020 5:07:01 PM,,,,,,,,7.000000000000000,8.000000000000000,,
"88286266",FHPD20OFF016611,FHP,Short,02:25:20,04:29 PM,Kissimmee,Osceola,ORANGE BLOSSOM TRL,OSECOLA PKWY,"20",South,Rear End,"2","0","0","0",N,N,N,"$4,000",Clear,Daylight,,Rear End,S,Property Damage Only,N,Front to Rear,Motor Vehicle in Transport,On Roadway,Non-Junction,N,Not at Intersection,State,Curb,Dry,None,,,None,,,N,N,,,,,"0","0","0","0","0","0","0","0","0","0","0","0",$0,$0,"0","1","0","4000","Mapped, On Network",-81.4038411157146,28.3370524859789,654013.648670566,483901.512820445,3/12/2020 4:41:04 PM,,,,,,,,7.000000000000000,8.000000000000000,,
"88276973",FHPD20OFF015175,FHP,Long,02:20:20,06:45 PM,Kissimmee,Osceola,ORANGE BLOSSOM TRL,OSCEOLA  PARKWAY,"200",North,Rear End,"2","0","0","0",N,N,N,$600,Clear,Daylight,,Rear End,S,Property Damage Only,N,Front to Rear,Motor Vehicle in Transport,On Roadway,Non-Junction,N,Not at Intersection,County,Paved,Dry,None,,,None,,,N,N,,,,,"0","0","0","0","0","0","0","0","0","0","0","0",$0,$0,"0","0","0","600","Mapped, On Network",-81.4038908702311,28.337688728487,654007.293844541,483972.053759229,3/16/2020 4:24:49 PM,,,,,,,,7.000000000000000,8.000000000000000,,
"89392108",20I024681,Osceola Co SO,Short,03:07:20,09:45 PM,Unincorporated,Osceola,CENTERVIEW BLVD,W OSCEOLA PKWY,"0",,Left Turn,"2","0","0","0",N,N,N,"$2,500",Clear,Dark - Lighted,,Left Entering,S,Property Damage Only,N,"Sideswipe, Opposite Direction",Motor Vehicle in Transport,On Roadway,Intersection-Related,N,Four-Way Intersection,County,Curb,Dry,None,,,None,,,N,N,,,,,"0","0","2","0","0","0","0","0","0","0","0","0",$0,$0,"0","1","0","2500","Mapped, On Network",-81.4119899190491,28.340600557324,653208.200758746,484278.70437846,3/13/2020 4:21:45 PM,,,,,,,,7.000000000000000,8.000000000000000,,
"88294221",FHPD20OFF024908,FHP,Long,03:25:20,10:05 PM,Kissimmee,Osceola,COUNTY ROAD 522 (OSCEOLA PARKWAY),STATE ROAD 441 (O.B.T),"0",,Angle,"2","0","0","0",N,N,N,"$9,000",Clear,Dark - Lighted,,Right Angle,SE,Property Damage Only,N,Angle,Parked Motor Vehicle,On Roadway,Intersection,N,Four-Way Intersection,County,Curb,Wet,None,,,None,,,N,N,,,,,"0","0","0","0","0","0","0","0","0","0","0","0",$0,$0,"0","0","0","9000","Mapped, On Network",-81.4034831700186,28.3373707730776,654047.921421251,483937.590323348,4/15/2020 12:59:46 PM,,,,,,,,7.000000000000000,8.000000000000000,,
"88259324",FHPD20OFF012406,FHP,Long,02:12:20,11:00 AM,Kissimmee,Osceola,N ORANGE BLOSSOM TRL,OSCEOLA PKWY,"10",North,Rear End,"2","0","0","2",N,N,N,"$7,500",Clear,Daylight,,Rear End,S,Injury,N,Front to Rear,Motor Vehicle in Transport,On Roadway,Non-Junction,N,Not at Intersection,U.S.,Unpaved,Dry,None,,,None,,,N,N,,,,,"0","0","0","0","0","0","0","0","2","0","0","0",$2,$0,"0","1","0","7500","Mapped, On Network",-81.4038036693847,28.3374687474967,654016.338754766,483947.80840137,3/12/2020 1:44:46 PM,,,,,,,,7.000000000000000,8.000000000000000,,
"88312988",FHPD20OFF017907,FHP,Long,02:29:20,09:50 AM,Kissimmee,Osceola,ORANGE BLOSSOM TRAIL,OSCEOLA PARKWAY,"50",West,Rear End,"3","0","0","2",N,N,N,"$6,400",Clear,Daylight,,Rear End,N,Injury,N,Front to Rear,Motor Vehicle in Transport,On Roadway,Non-Junction,N,Not at Intersection,State,Paved,Dry,None,,,None,,,N,N,,,,,"0","0","0","0","0","0","0","2","0","0","0","0",$0,$0,"0","1","0","6400","Mapped, On Network",-81.4035810619244,28.3366687262413,654039.98641201,483859.438829687,3/23/2020 3:14:22 PM,,,,,,,,8.000000000000000,9.000000000000000,,
"88303588",FHPD20OFF028629,FHP,Long,04:20:20,09:18 AM,Unincorporated,Orange,U.S 441 (ORANGE BLOSSOM TRAIL),TOWN CENTER BOULEVARD,"60",North,Rear End,"4","0","0","1",N,N,N,"$9,000",Cloudy,Daylight,,Rear End,S,Injury,N,Front to Rear,Motor Vehicle in Transport,On Roadway,Non-Junction,N,Not at Intersection,U.S.,Curb,Dry,None,,,None,,,N,N,,,,,"0","0","0","0","0","0","0","0","1","0","0","0",$1,$0,"0","4","0","9000","Mapped, On Network",-81.4046163939604,28.3683286293423,653864.705596239,487372.575693404,5/1/2020 12:08:34 PM,,,,,,,,8.000000000000000,9.000000000000000,,
"88298969",FHPD20OFF014053,FHP,Long,02:17:20,11:44 AM,Unincorporated,Orange,U.S 441 (ORANGE BLOSSOM TRAIL),TOWN CENTER BOULEVARD,"100",South,Rear End,"2","0","0","1",N,N,N,"$1,200",Clear,Daylight,,Rear End,N,Injury,N,Front to Rear,Motor Vehicle in Transport,On Roadway,Non-Junction,N,Not at Intersection,U.S.,Curb,Dry,None,,,None,,,N,N,,,,,"0","0","0","0","0","0","0","1","0","0","0","0",$0,$0,"0","0","0","1200","Mapped, On Network",-81.404395559836,28.3673125112315,653888.678162071,487260.208526395,2/24/2020 12:23:42 PM,,,,,,,,8.000000000000000,9.000000000000000,,
"88311105",FHPD20OFF020541,FHP,Long,03:08:20,02:15 PM,Kissimmee,Osceola,OSCEOLA PKWY,ORANGE BLOSSOM TRL,"100",East,Rear End,"3","0","0","0",N,N,N,"$4,000",Clear,Daylight,,Rear End,W,Property Damage Only,N,Front to Rear,Motor Vehicle in Transport,On Roadway,Non-Junction,N,Not at Intersection,County,Curb,Dry,None,,,None,,,N,N,,,,,"0","0","0","0","0","0","0","0","0","0","0","0",$0,$0,"0","1","0","4000","Mapped, On Network",-81.4034437916018,28.3373604848634,654051.797764382,483936.529126627,3/17/2020 12:17:26 PM,,,,,,,,8.000000000000000,9.000000000000000,,
"88280617",FHPD20OFF011140,FHP,Long,02:07:20,07:45 PM,Kissimmee,Osceola,OSCEOLA PARKWAY (COUNTY ROAD 522),ORANGE BLOSSOM TRAIL,"100",East,Rear End,"3","0","0","3",N,N,N,"$27,500",Clear,Dark - Lighted,,Rear End,W,Injury,N,Front to Rear,Motor Vehicle in Transport,On Roadway,Non-Junction,N,Not at Intersection,County,Paved,Dry,None,,,None,,,N,N,,,,,"0","0","0","0","0","0","0","3","0","0","0","0",$2,$0,"0","1","0","27500","Mapped, On Network",-81.4033656772293,28.3373948617445,654059.35910223,483940.507001415,3/16/2020 3:06:39 PM,,,,,,,,8.000000000000000,9.000000000000000,,
"88290826",FHPD20OFF011476,FHP,Long,02:09:20,03:17 AM,Unincorporated,Orange,US 441 (ORANGE BLOSSOM TRAIL),TOWN CENTER BOULEVARD,"150",South,Rear End,"2","0","0","1",N,Y,N,"$20,000",Clear,Dark - Lighted,,Rear End,N,Injury,N,Front to Rear,Motor Vehicle in Transport,On Roadway,Non-Junction,N,Not at Intersection,U.S.,Curb,Dry,None,,,None,,,N,N,,,,,"0","0","0","0","0","0","0","0","1","0","0","0",$1,$0,"0","0","0","20000","Mapped, On Network",-81.404370460477,28.3671485214016,653891.516207236,487242.052053954,2/12/2020 11:28:47 AM,,,,,,,,8.000000000000000,9.000000000000000,,
"85579122",FHPD20OFF023059,FHP,Short,03:17:20,07:07 AM,Unincorporated,Orange,STATE ROAD 600,TOWN CENTER BLVD,"5",South,Rear End,"2","0","0","0",N,N,N,"$1,100",Clear,Daylight,,Rear End,N,Property Damage Only,N,Front to Rear,Motor Vehicle in Transport,On Roadway,Non-Junction,N,Not at Intersection,State,Curb,Dry,None,,,None,,,N,N,,,,,"0","0","0","0","0","0","0","0","0","0","0","0",$0,$0,"0","1","0","1100","Mapped, On Network",-81.4042836435862,28.3673656100515,653899.499497418,487266.334630493,3/24/2020 8:37:19 PM,,,,,,,,8.000000000000000,9.000000000000000,,
"88303596",FHPD20OFF029918,FHP,Long,04:28:20,10:45 AM,Unincorporated,Orange,U.S 441 (ORANGE BLOSSOM TRAIL),SR-417 (CENTRAL FLORIDA GREENEWAY),"60",North,Rear End,"2","0","0","1",N,N,N,"$1,300",Clear,Daylight,,Rear End,S,Injury,N,Front to Rear,Motor Vehicle in Transport,On Roadway,Non-Junction,N,Not at Intersection,U.S.,Curb,Dry,None,,,None,,,N,N,,,,,"0","0","1","0","0","0","0","1","0","0","0","0",$0,$0,"0","1","0","1300","Mapped, On Network",-81.4045941550063,28.3716420623652,653859.136248607,487740.519174777,5/14/2020 1:33:35 PM,,,,,,,,8.000000000000000,9.000000000000000,,
"85579123",FHPD20OFF023084,FHP,Short,03:17:20,07:48 AM,Unincorporated,Orange,TOWN CENTER BOULEVARD,STATE ROAD 600,"60",East,Rear End,"2","0","0","0",N,N,N,"$1,100",Clear,Daylight,,Rear End,E,Property Damage Only,N,Front to Rear,Motor Vehicle in Transport,On Roadway,Non-Junction,N,Not at Intersection,County,Curb,Dry,None,,,None,,,N,N,,,,,"0","0","0","0","0","0","0","0","0","0","0","0",$0,$0,"0","1","0","1100","Mapped, On Network",-81.4040276224714,28.3676728942104,653923.820099235,487300.980222907,3/25/2020 7:12:45 PM,,,,,,,,8.000000000000000,9.000000000000000,,
"88305053",FHPD20OFF025133,FHP,Long,03:27:20,12:41 PM,Orlando,Orange,US-441 (ORANGE BLOSSOM TRAIL),HUNTERS CREEK BLVD,"20",West,Other,"1","0","0","0",N,N,N,"$8,500",Clear,Daylight,,Single Vehicle,S,Property Damage Only,N,Other,Other Non-Collision,Median,Intersection-Related,N,Not at Intersection,Local,Curb,Dry,None,,,None,,,N,N,,,,,"0","0","0","0","0","0","0","0","0","0","0","0",$0,$0,"0","0","1000","7500","Mapped, On Network",-81.4044554318534,28.3621752723027,653894.83028542,486689.686359486,4/1/2020 2:05:03 PM,,,,,,,,8.000000000000000,9.000000000000000,,
"88280036",FHPD20OFF009370,FHP,Long,02:02:20,02:00 AM,Orlando,Orange,U.S. 441 (S ORANGE BLOSSOM TRAIL),GATORLAND DRIVE,"0",,Sideswipe,"4","0","0","5",N,N,N,"$21,000",Clear,Dark - Lighted,,Same Direction Sideswipe,S,Injury,N,"Sideswipe, Same Direction",Motor Vehicle in Transport,On Roadway,Intersection-Related,N,Four-Way Intersection,U.S.,Curb,Dry,None,,,None,,,N,N,,,,,"0","0","1","0","0","0","0","4","1","0","0","0",$1,$0,"0","0","0","21000","Mapped, On Network",-81.4045628496293,28.3538190649376,653903.855033654,485761.657035621,2/7/2020 1:51:26 PM,,,,,,,,8.000000000000000,9.000000000000000,,
"88312989",FHPD20OFF017943,FHP,Long,02:29:20,12:15 PM,Kissimmee,Osceola,N ORANGE BLOSSOM TRL,CENTERVIEW BLVD,"0",,Left Turn,"2","0","0","2",N,N,N,"$10,500",Clear,Daylight,,Left Entering,S,Injury,N,Angle,Motor Vehicle in Transport,On Roadway,Intersection,Y,Four-Way Intersection,U.S.,Paved,Dry,None,,,None,,,N,N,,,,,"0","0","0","0","0","0","0","1","1","0","0","0",$1,$0,"0","1","0","10500","Mapped, On Network",-81.4038456283125,28.3418652812676,654001.955279967,484435.878913978,4/6/2020 5:58:07 PM,,,,,,,,8.000000000000000,9.000000000000000,,
"88308083",FHPD20OFF026600,FHP,Short,04:06:20,10:50 AM,Orlando,Orange,TOWN CENTER BOULEVARD,US 441 ORANGE BLOSSOM TRAIL,"0",,Right Turn,"2","0","0","0",N,N,N,$800,Clear,Dawn,,Right/Through,N,Property Damage Only,N,Angle,Motor Vehicle in Transport,On Roadway,Non-Junction,N,Four-Way Intersection,U.S.,Curb,Dry,None,,,None,,,N,N,,,,,"0","0","0","0","0","0","0","0","0","0","0","0",$0,$0,"0","0","0","800","Mapped, On Network",-81.4042185356466,28.3676922766221,653905.103466954,487302.739188584,7/8/2020 5:27:09 PM,,,,,,,,8.000000000000000,9.000000000000000,,
"88286266",FHPD20OFF016611,FHP,Short,02:25:20,04:29 PM,Kissimmee,Osceola,ORANGE BLOSSOM TRL,OSECOLA PKWY,"20",South,Rear End,"2","0","0","0",N,N,N,"$4,000",Clear,Daylight,,Rear End,S,Property Damage Only,N,Front to Rear,Motor Vehicle in Transport,On Roadway,Non-Junction,N,Not at Intersection,State,Curb,Dry,None,,,None,,,N,N,,,,,"0","0","0","0","0","0","0","0","0","0","0","0",$0,$0,"0","1","0","4000","Mapped, On Network",-81.4038411157146,28.3370524859789,654013.648670566,483901.512820445,3/12/2020 4:41:04 PM,,,,,,,,8.000000000000000,9.000000000000000,,
"88276973",FHPD20OFF015175,FHP,Long,02:20:20,06:45 PM,Kissimmee,Osceola,ORANGE BLOSSOM TRL,OSCEOLA  PARKWAY,"200",North,Rear End,"2","0","0","0",N,N,N,$600,Clear,Daylight,,Rear End,S,Property Damage Only,N,Front to Rear,Motor Vehicle in Transport,On Roadway,Non-Junction,N,Not at Intersection,County,Paved,Dry,None,,,None,,,N,N,,,,,"0","0","0","0","0","0","0","0","0","0","0","0",$0,$0,"0","0","0","600","Mapped, On Network",-81.4038908702311,28.337688728487,654007.293844541,483972.053759229,3/16/2020 4:24:49 PM,,,,,,,,8.000000000000000,9.000000000000000,,
"88306226",FHPD20OFF023514,FHP,Long,03:18:20,09:11 PM,Unincorporated,Orange,TOWN CENTER BOULEVARD,US 441 (ORANGE BLOSSOM TRAIL),"10",East,Rear End,"2","0","0","0",N,N,N,$750,Clear,Dark - Lighted,,Rear End,W,Property Damage Only,N,Front to Rear,Motor Vehicle in Transport,On Roadway,Intersection-Related,N,Not at Intersection,Local,Curb,Dry,None,,,None,,,N,N,,,,,"0","0","1","0","0","0","0","0","0","0","0","0",$0,$0,"0","0","0","750","Mapped, On Network",-81.4041230067403,28.3679498224212,653913.844143238,487331.531757847,4/2/2020 11:42:55 AM,,,,,,,,8.000000000000000,9.000000000000000,,