HSMV_Report_Number,Agency_Report_Number,Reporting_Agency,Form_Type,Crash_Date,Crash_Time,City,County,Crash_Street,Intersecting_Street,Offset_Distance,Offset_Direction,Crash_Type,Vehicles,Non_Motorists,Fatalities,Injuries,Alcohol_Related,Distraction_Related,Drug_Related,Estimated_Damages,Weather_Condition,Light_Condition,Street_Number,Crash_Type_Detailed,Crash_Type_Dir,Crash_Severity,Within_City_Limits,Manner_of_Collision,First_Harmful_Event,First_HE_Location,First_HE_Relation_to_Jct,First_HE_Within_Interchange,Type_of_Intersection,Road_Sys_Identifier,Type_of_Shoulder,Road_Surf_Cond,Contrib_Circum_Road1,Contrib_Circum_Road2,Contrib_Circum_Road3,Contrib_Circum_Env1,Contrib_Circum_Env2,Contrib_Circum_Env3,School_Bus_Related,Work_Zone_Related,Type_of_Work_Zone,Loc_in_Work_Zone,Workers_in_Work_Zone,Law_Enforcement_in_Work_Zone,Mopeds,Motorcycles,Passengers,Bicyclists,Pedestrians,Fatalities_Unrestrained,Injuries_Unrestrained,Possible_Injuries,Non_Incapacitating_Injuries,Incapacitating_Injuries,Fatalities_30_Days,Non_Traffic_Fatalities,Transported_by_EMS,Transported_by_Law_Enforcement,Transported_by_Other,Citations,Property_Dmg_Amt,Vehicle_Dmg_Amt,S4_Mapping,S4_Decimal_Degree_Longitude,S4_Decimal_Degree_Latitude,S4_Albers_X,S4_Albers_Y,S4_Mapping_Date,FID,ROADWAY,COLOR_CODE,DISTRICT,COUNTYDOT,COUNTY_2,MNG_DIST,BEGIN_POST,END_POST,Shape_Leng,Shape__Len
"88280617",FHPD20OFF011140,FHP,Long,02:07:20,07:45 PM,Kissimmee,Osceola,OSCEOLA PARKWAY (COUNTY ROAD 522),ORANGE BLOSSOM TRAIL,"100",East,Rear End,"3","0","0","3",N,N,N,"$27,500",Clear,Dark - Lighted,,Rear End,W,Injury,N,Front to Rear,Motor Vehicle in Transport,On Roadway,Non-Junction,N,Not at Intersection,County,Paved,Dry,None,,,None,,,N,N,,,,,"0","0","0","0","0","0","0","3","0","0","0","0",$2,$0,"0","1","0","27500","Mapped, On Network",-81.4033656772293,28.3373948617445,654059.35910223,483940.507001415,3/16/2020 3:06:39 PM,,,,,,,,8.000000000000000,16.000000000000000,,
"89324257","20001107",Kissimmee PD,Long,02:07:20,05:30 PM,Kissimmee,Osceola,MICHIGAN AVE,E OSCEOLA PKWY,"0",,Sideswipe,"2","0","0","0",N,N,N,"$1,000",Clear,Daylight,,Same Direction Sideswipe,E,Property Damage Only,Y,"Sideswipe, Same Direction",Motor Vehicle in Transport,On Roadway,Non-Junction,N,Four-Way Intersection,Local,Paved,Dry,None,,,None,,,N,N,,,,,"0","0","1","0","0","0","0","0","0","0","0","0",$0,$0,"0","0","0","1000","Mapped, On Network",-81.3879624471046,28.3404352097834,655559.062451641,484309.91141684,3/17/2020 4:14:13 PM,,,,,,,,8.000000000000000,16.000000000000000,,
"89952759","20001931",Kissimmee PD,Long,03:03:20,08:19 AM,Kissimmee,Osceola,E OSCEOLA PKWY,MICHIGAN AVE,"500",East,Rear End,"2","0","0","0",N,N,N,"$4,000",Clear,Daylight,,Rear End,W,Property Damage Only,Y,"Sideswipe, Same Direction",Motor Vehicle in Transport,On Roadway,Non-Junction,N,Not at Intersection,Local,Curb,Dry,None,,,None,,,N,N,,,,,"0","0","2","0","0","0","0","0","0","0","0","0",$0,$0,"0","0","0","4000","Mapped, On Network",-81.3862565825002,28.3406300678322,655725.478851545,484335.083293296,3/17/2020 2:14:12 PM,,,,,,,,8.000000000000000,16.000000000000000,,
"89324371","20001523",Kissimmee PD,Long,02:19:20,07:38 AM,Kissimmee,Osceola,E OSCEOLA PKWY,BILL BECK BLVD,"80",,Rear End,"2","0","0","1",N,N,N,"$1,300",Clear,Daylight,,Rear End,W,Injury,Y,Front to Rear,Motor Vehicle in Transport,On Roadway,Non-Junction,N,Not at Intersection,Local,Curb,Dry,None,,,None,,,N,N,,,,,"0","0","1","0","0","0","0","1","0","0","0","0",$0,$0,"0","0","0","1300","Mapped, On Network",-81.3833062893967,28.340409053218,656014.609443266,484316.665308809,3/17/2020 3:44:32 PM,,,,,,,,8.000000000000000,16.000000000000000,,
"89324284","20001226",Kissimmee PD,Long,02:10:20,07:14 PM,Kissimmee,Osceola,E OSCEOLA PKWY,MICHIGAN AVE,"335",West,Rear End,"2","0","0","0",N,N,N,"$2,000",Clear,Dusk,,Rear End,E,Property Damage Only,Y,Front to Rear,Motor Vehicle in Transport,On Roadway,Non-Junction,N,Not at Intersection,Local,Curb,Dry,None,,,None,,,N,N,,,,,"0","0","1","0","0","0","0","0","0","0","0","0",$0,$0,"0","0","0","2000","Mapped, On Network",-81.3888624452722,28.3404404950087,655471.008293548,484308.633394717,3/17/2020 2:00:16 PM,,,,,,,,8.000000000000000,16.000000000000000,,
"89952786","20002053",Kissimmee PD,Long,03:06:20,08:26 PM,Kissimmee,Osceola,MICHIGAN AVE,E OSCEOLA PKWY,"10",South,Sideswipe,"2","0","0","1",N,N,N,"$1,500",Clear,Dark - Lighted,,Same Direction Sideswipe,S,Injury,Y,"Sideswipe, Same Direction",Motor Vehicle in Transport,On Roadway,Non-Junction,N,Not at Intersection,Local,Curb,Dry,None,,,None,,,N,N,,,,,"0","0","3","0","0","0","0","0","1","0","0","0",$0,$0,"0","0","0","1500","Mapped, On Network",-81.3879835006524,28.3404131876989,655557.054702714,484307.422630813,3/17/2020 12:58:03 PM,,,,,,,,8.000000000000000,16.000000000000000,,
"88296680",FHPD20OFF010861,FHP,Long,02:07:20,05:33 AM,Kissimmee,Osceola,COUNTY ROAD 522 (OSCEOLA PARKWAY),NORTH ORANGE BLOSSOM TRAIL,"500",East,Rear End,"2","0","0","1",N,N,N,"$8,000",Clear,Daylight,,Rear End,E,Injury,N,Front to Rear,Motor Vehicle in Transport,On Roadway,Non-Junction,N,Not at Intersection,County,Curb,Dry,None,,,None,,,N,N,,,,,"0","0","2","0","0","0","0","1","0","0","0","0",$1,$0,"0","1","0","8000","Mapped, On Network",-81.4022867431427,28.3371719685663,654165.429755145,483917.982023277,3/16/2020 5:52:11 PM,,,,,,,,8.000000000000000,16.000000000000000,,
"89324412","20001575",Kissimmee PD,Long,02:20:20,04:16 PM,Kissimmee,Osceola,MICHIGAN AVE,E OSCEOLA PKWY,"20",North,Rear End,"2","0","0","0",N,Y,N,"$3,500",Clear,Daylight,,Rear End,S,Property Damage Only,Y,Front to Rear,Motor Vehicle in Transport,On Roadway,Non-Junction,N,Not at Intersection,Local,Curb,Dry,None,,,None,,,N,N,,,,,"0","0","0","0","0","0","0","0","0","0","0","0",$0,$0,"0","0","0","3500","Mapped, On Network",-81.3879773015553,28.3404939983134,655557.471041977,484316.408036001,2/26/2020 4:19:25 PM,,,,,,,,8.000000000000000,16.000000000000000,,
"89324286","20001221",Kissimmee PD,Long,02:10:20,06:43 PM,Kissimmee,Osceola,E OSCEOLA PKWY,BILL BECK BLVD,"15",West,Rear End,"2","0","0","1",N,N,N,"$6,000",Clear,Dark - Lighted,,Rear End,W,Injury,Y,Front to Rear,Motor Vehicle in Transport,On Roadway,Non-Junction,N,Not at Intersection,County,Curb,Dry,None,,,None,,,N,N,,,,,"0","0","0","0","0","0","0","1","0","0","0","0",$0,$0,"0","0","0","6000","Mapped, On Network",-81.3833410954808,28.340590659495,656010.776629156,484336.757126552,2/12/2020 5:32:15 PM,,,,,,,,8.000000000000000,16.000000000000000,,
"89952823","20002202",Kissimmee PD,Long,03:11:20,04:40 PM,Kissimmee,Osceola,MICHIGAN AVE,E OSCEOLA PKWY,"20",West,Rear End,"2","0","0","0",N,Y,N,$150,Clear,Daylight,,Rear End,E,Property Damage Only,Y,Front to Rear,Motor Vehicle in Transport,On Roadway,Non-Junction,N,Not at Intersection,Local,Curb,Dry,None,,,None,,,N,N,,,,,"0","0","0","0","0","0","0","0","0","0","0","0",$0,$0,"0","1","0","150","Mapped, On Network",-81.3883427338626,28.3403755818774,655522.001388314,484302.502759485,3/19/2020 10:44:50 PM,,,,,,,,8.000000000000000,16.000000000000000,,
"89324342","20001426",Kissimmee PD,Long,02:16:20,10:42 AM,Kissimmee,Osceola,E OSCEOLA PKWY,MICHIGAN AVE,"300",East,Rear End,"2","0","0","0",N,N,N,"$1,700",Clear,Daylight,,Rear End,W,Property Damage Only,Y,Front to Rear,Motor Vehicle in Transport,On Roadway,Non-Junction,N,Not at Intersection,Local,Curb,Dry,None,,,None,,,N,N,,,,,"0","0","1","0","0","0","0","0","0","0","0","0",$0,$0,"0","0","0","1700","Mapped, On Network",-81.386879992833,28.3406341982276,655664.484553749,484334.24924512,3/19/2020 10:37:59 PM,,,,,,,,8.000000000000000,16.000000000000000,,
"89952963","20003148",Kissimmee PD,Long,04:27:20,05:29 AM,Kissimmee,Osceola,E OSCEOLA PKWY,FLORIDAS TURNPIKE,"0",,Sideswipe,"2","0","0","0",N,N,N,$500,Clear,Dark - Lighted,,Same Direction Sideswipe,W,Property Damage Only,Y,"Sideswipe, Same Direction",Motor Vehicle in Transport,On Roadway,Non-Junction,N,Four-Way Intersection,State,Curb,Dry,None,,,None,,,N,N,,,,,"0","0","0","0","0","0","0","0","0","0","0","0",$0,$0,"0","0","0","500","Mapped, On Network",-81.3805000810793,28.3410799868746,656287.541997,484396.989395,4/28/2020 2:53:24 PM,,,,,,,,8.000000000000000,16.000000000000000,,
"89952914","20002724",Kissimmee PD,Long,04:05:20,02:08 PM,Kissimmee,Osceola,E OSCEOLA PKWY,MICHIGAN AVE,"100",East,Rear End,"2","0","0","1",N,N,N,"$4,000",Cloudy,Daylight,,Rear End,W,Injury,Y,Front to Rear,Motor Vehicle in Transport,On Roadway,Non-Junction,N,Not at Intersection,Local,Curb,Dry,None,,,None,,,N,N,,,,,"0","0","0","0","0","0","0","1","0","0","0","0",$0,$0,"0","0","0","4000","Mapped, On Network",-81.3875034032133,28.3406383258463,655603.490255953,484333.415196944,4/8/2020 1:52:19 PM,,,,,,,,8.000000000000000,16.000000000000000,,
"88292709",FHPD20OFF023281,FHP,Long,03:17:20,09:30 PM,Kissimmee,Osceola,OSCOELA PARKWAY,STATE ROAD 91,"0",,Left Turn,"2","0","0","3",Y,N,N,"$13,000",Clear,Dark - Lighted,,Left Entering,E,Injury,N,Angle,Motor Vehicle in Transport,On Roadway,Intersection,N,Four-Way Intersection,U.S.,Paved,Dry,None,,,None,,,N,N,,,,,"0","0","2","0","0","0","0","3","0","0","0","0",$0,$0,"0","1","0","13000","Mapped, On Network",-81.3805746191262,28.3408316660691,656280.836172052,484369.262980936,5/11/2020 4:29:39 PM,,,,,,,,8.000000000000000,16.000000000000000,,
"89391996",20I015175,Osceola Co SO,Short,02:12:20,06:39 AM,Unincorporated,Osceola,E OSCEOLA PKWY,N DIXIE HWY,"0",,Rear End,"2","0","0","0",N,N,N,$0,Clear,Daylight,,Rear End,E,Property Damage Only,N,Front to Rear,Motor Vehicle in Transport,On Roadway,Through Roadway,N,Four-Way Intersection,Local,Paved,Dry,None,,,None,,,N,N,,,,,"0","0","0","0","0","0","0","0","0","0","0","0",$0,$0,"0","0","0","0","Mapped, On Network",-81.397118540867,28.337620139033,654669.971414473,483978.40619454,2/14/2020 4:56:54 PM,,,,,,,,8.000000000000000,16.000000000000000,,
"89324359","20001496",Kissimmee PD,Long,02:18:20,01:15 PM,Kissimmee,Osceola,E OSCEOLA PKWY,MICHIGAN AVE,"250",West,Rear End,"2","0","0","0",N,N,N,"$2,500",Clear,Daylight,,Rear End,E,Property Damage Only,Y,Front to Rear,Motor Vehicle in Transport,On Roadway,Non-Junction,N,Not at Intersection,Local,Curb,Dry,None,,,None,,,N,N,,,,,"0","0","0","0","0","0","0","0","0","0","0","0",$0,$0,"0","0","0","2500","Mapped, On Network",-81.3885967287145,28.3404400246238,655497.00294783,484309.131680963,3/17/2020 4:32:39 PM,,,,,,,,8.000000000000000,16.000000000000000,,
"89952720","20001801",Kissimmee PD,Long,02:27:20,02:03 PM,Kissimmee,Osceola,E OSCEOLA PKWY,MICHIGAN AVE,"20",West,Right Turn,"2","0","0","0",N,N,N,$750,Clear,Daylight,,Right/Left,S,Property Damage Only,Y,Angle,Motor Vehicle in Transport,On Roadway,Non-Junction,N,Not at Intersection,Local,Curb,Dry,None,,,None,,,N,N,,,,,"0","0","3","0","0","0","0","0","0","0","0","0",$0,$0,"0","0","0","750","Mapped, On Network",-81.3881196522794,28.340658896381,655543.157830688,484334.421986133,3/18/2020 7:03:36 PM,,,,,,,,8.000000000000000,16.000000000000000,,
"89952809","20002134",Kissimmee PD,Long,03:09:20,06:19 PM,Kissimmee,Osceola,E OSCEOLA PKWY,,"0",,Sideswipe,"2","0","0","0",N,N,N,"$1,000",Clear,Daylight,"1471",Same Direction Sideswipe,N,Property Damage Only,Y,"Sideswipe, Same Direction",Motor Vehicle in Transport,On Roadway,Non-Junction,N,Not at Intersection,Local,Paved,Dry,None,,,None,,,N,N,,,,,"0","0","5","0","0","0","0","0","0","0","0","0",$0,$0,"0","0","0","1000","Mapped, On Network",-81.3863343451206,28.3406305736859,655717.8706,484334.9782,3/11/2020 4:35:35 PM,,,,,,,,8.000000000000000,16.000000000000000,,
"89952824","20002219",Kissimmee PD,Long,03:11:20,08:15 PM,Kissimmee,Osceola,E OSCEOLA PKWY,BILL BECK BLVD,"0",,Other,"2","0","0","0",N,Y,N,"$7,000",Clear,Dark - Lighted,,Other,W,Property Damage Only,Y,Other,Motor Vehicle in Transport,On Roadway,Non-Junction,N,T-Intersection,County,Paved,Dry,None,,,None,,,N,N,,,,,"0","0","3","0","0","0","0","0","0","0","0","0",$0,$0,"0","0","0","7000","Mapped, On Network",-81.3832900634442,28.3405899869291,656015.770378,484336.788398,3/13/2020 4:23:06 PM,,,,,,,,8.000000000000000,16.000000000000000,,
"89952778","20002015",Kissimmee PD,Long,03:05:20,05:40 PM,Kissimmee,Osceola,E OSCEOLA PKWY,BILL BECK BLVD,"0",,Angle,"2","0","0","0",N,N,N,"$3,500",Clear,Dark - Lighted,,Right Angle,SE,Property Damage Only,Y,Angle,Motor Vehicle in Transport,On Roadway,Non-Junction,N,Four-Way Intersection,Local,Paved,Dry,None,,,None,,,N,N,,,,,"0","0","0","0","0","0","0","0","0","0","0","0",$0,$0,"0","1","0","3500","Mapped, On Network",-81.3833017978203,28.340409053218,656015.048828503,484316.674633833,3/17/2020 12:40:52 PM,,,,,,,,8.000000000000000,16.000000000000000,,
"88286266",FHPD20OFF016611,FHP,Short,02:25:20,04:29 PM,Kissimmee,Osceola,ORANGE BLOSSOM TRL,OSECOLA PKWY,"20",South,Rear End,"2","0","0","0",N,N,N,"$4,000",Clear,Daylight,,Rear End,S,Property Damage Only,N,Front to Rear,Motor Vehicle in Transport,On Roadway,Non-Junction,N,Not at Intersection,State,Curb,Dry,None,,,None,,,N,N,,,,,"0","0","0","0","0","0","0","0","0","0","0","0",$0,$0,"0","1","0","4000","Mapped, On Network",-81.4038411157146,28.3370524859789,654013.648670566,483901.512820445,3/12/2020 4:41:04 PM,,,,,,,,8.000000000000000,16.000000000000000,,
"89952876","20002430",Kissimmee PD,Long,03:19:20,05:12 PM,Kissimmee,Osceola,E OSCEOLA PKWY,BILL BECK BLVD,"100",West,Rear End,"2","0","0","0",N,N,N,"$1,000",Clear,Daylight,,Rear End,E,Property Damage Only,Y,Front to Rear,Motor Vehicle in Transport,On Roadway,Non-Junction,N,Not at Intersection,Local,Paved,Dry,None,,,None,,,N,N,,,,,"0","0","3","0","0","0","0","0","0","0","0","0",$0,$0,"0","1","0","1000","Mapped, On Network",-81.3836065717276,28.3404139054827,655985.223106548,484316.580680712,3/21/2020 2:30:21 PM,,,,,,,,8.000000000000000,16.000000000000000,,
"89324262","20001180",Kissimmee PD,Long,02:09:20,03:44 PM,Kissimmee,Osceola,E OSCEOLA PKWY,MICHIGAN AVE,"100",East,Rear End,"3","0","0","0",N,Y,N,"$6,000",Clear,Daylight,,Rear End,E,Property Damage Only,Y,Front to Rear,Motor Vehicle in Transport,On Roadway,Non-Junction,N,Not at Intersection,Local,Curb,Dry,None,,,None,,,N,N,,,,,"0","0","1","0","0","0","0","0","0","0","0","0",$0,$0,"0","0","0","6000","Mapped, On Network",-81.386596603595,28.3404400256615,655692.663837056,484313.277471336,3/17/2020 4:14:57 PM,,,,,,,,8.000000000000000,16.000000000000000,,
"89324253","20001104",Kissimmee PD,Long,02:07:20,04:40 PM,Kissimmee,Osceola,E OSCEOLA PKWY,MICHIGAN AVE,"0",West,Rear End,"2","0","0","0",N,N,N,"$4,000",Clear,Daylight,,Rear End,W,Property Damage Only,Y,Front to Rear,Motor Vehicle in Transport,On Roadway,Non-Junction,N,Four-Way Intersection,Local,Paved,Dry,None,,,None,,,N,N,,,,,"0","0","0","0","0","0","0","0","0","0","0","0",$0,$0,"0","0","0","4000","Mapped, On Network",-81.3879700898674,28.3406399476371,655557.833216,484332.628016,3/17/2020 4:08:58 PM,,,,,,,,8.000000000000000,16.000000000000000,,
"89952903","20002605",Kissimmee PD,Long,03:29:20,09:48 AM,Kissimmee,Osceola,E OSCEOLA PKWY,MICHIGAN AVE,"5",East,Rear End,"2","0","0","0",N,Y,N,"$1,100",Clear,Daylight,,Rear End,W,Property Damage Only,Y,Front to Rear,Motor Vehicle in Transport,On Roadway,Intersection,N,Four-Way Intersection,Local,Curb,Dry,None,,,None,,,N,N,,,,,"0","0","2","0","0","0","0","0","0","0","0","0",$0,$0,"0","0","0","1100","Mapped, On Network",-81.3877895596471,28.3406400241259,655575.493251552,484333.010653873,4/1/2020 1:42:25 PM,,,,,,,,8.000000000000000,16.000000000000000,,
"88281488",FHPD20OFF019507,FHP,Long,03:05:20,12:07 PM,Unincorporated,Osceola,MICHIGAN AVENUE,OSCEOLA PARKWAY,"50",South,Sideswipe,"2","0","0","0",N,N,N,$800,Clear,Daylight,,Same Direction Sideswipe,N,Property Damage Only,N,"Sideswipe, Same Direction",Motor Vehicle in Transport,On Roadway,Non-Junction,N,Not at Intersection,Local,Curb,Dry,None,,,None,,,N,N,,,,,"0","0","0","0","0","0","0","0","0","0","0","0",$0,$0,"0","0","0","800","Mapped, On Network",-81.3877843818954,28.3402421670557,655576.935672587,484288.846549792,3/17/2020 12:51:32 PM,,,,,,,,8.000000000000000,16.000000000000000,,
"89952752","20001911",Kissimmee PD,Long,03:02:20,01:47 PM,Kissimmee,Osceola,MICHIGAN AVE,E OSCEOLA PKWY,"25",South,Rear End,"2","0","0","0",N,N,N,"$4,000",Clear,Daylight,,Rear End,N,Property Damage Only,Y,Front to Rear,Motor Vehicle in Transport,On Roadway,Non-Junction,N,Not at Intersection,Local,Curb,Dry,None,,,None,,,N,N,,,,,"0","0","0","0","0","0","0","0","0","0","0","0",$0,$0,"0","0","0","4000","Mapped, On Network",-81.387743706409,28.3403554720542,655580.648191184,484301.511324657,3/17/2020 3:39:22 PM,,,,,,,,8.000000000000000,16.000000000000000,,
"88168818",FHPK20OFF010911,FHP,Long,03:02:20,07:42 AM,Unincorporated,Osceola,SR 91 (FLORIDAS TURNPIKE),OSCEOLA PARKWAY,"0",,Rear End,"2","0","0","0",N,N,N,$500,Clear,Daylight,,Rear End,N,Property Damage Only,N,Front to Rear,Motor Vehicle in Transport,On Roadway,Non-Junction,N,Not at Intersection,Turnpike/Toll,Paved,Dry,None,,,None,,,N,N,,,,,"0","0","0","0","0","0","0","0","0","0","0","0",$0,$0,"0","1","0","500","Mapped, On Network",-81.3801876235574,28.3409596719597,656318.391574912,484384.280043405,3/17/2020 3:41:36 PM,,,,,,,,8.000000000000000,16.000000000000000,,
"88311666",FHPD20OFF029500,FHP,Long,04:25:20,02:27 PM,Kissimmee,Osceola,OSCEOLA PARKWAY,BILL BECK BLVD,"100",East,Rear End,"2","0","0","4",N,Y,N,"$17,000",Clear,Daylight,,Rear End,W,Injury,N,Front to Rear,Motor Vehicle in Transport,On Roadway,Non-Junction,N,Not at Intersection,County,Paved,Dry,None,,,None,,,N,N,,,,,"0","0","3","0","0","0","0","2","2","0","0","0",$2,$0,"0","1","0","17000","Mapped, On Network",-81.3829834912165,28.3405946758455,656045.749484747,484337.945535415,4/28/2020 2:52:48 PM,,,,,,,,8.000000000000000,16.000000000000000,,
"88294221",FHPD20OFF024908,FHP,Long,03:25:20,10:05 PM,Kissimmee,Osceola,COUNTY ROAD 522 (OSCEOLA PARKWAY),STATE ROAD 441 (O.B.T),"0",,Angle,"2","0","0","0",N,N,N,"$9,000",Clear,Dark - Lighted,,Right Angle,SE,Property Damage Only,N,Angle,Parked Motor Vehicle,On Roadway,Intersection,N,Four-Way Intersection,County,Curb,Wet,None,,,None,,,N,N,,,,,"0","0","0","0","0","0","0","0","0","0","0","0",$0,$0,"0","0","0","9000","Mapped, On Network",-81.4034831700186,28.3373707730776,654047.921421251,483937.590323348,4/15/2020 12:59:46 PM,,,,,,,,8.000000000000000,16.000000000000000,,
"88259324",FHPD20OFF012406,FHP,Long,02:12:20,11:00 AM,Kissimmee,Osceola,N ORANGE BLOSSOM TRL,OSCEOLA PKWY,"10",North,Rear End,"2","0","0","2",N,N,N,"$7,500",Clear,Daylight,,Rear End,S,Injury,N,Front to Rear,Motor Vehicle in Transport,On Roadway,Non-Junction,N,Not at Intersection,U.S.,Unpaved,Dry,None,,,None,,,N,N,,,,,"0","0","0","0","0","0","0","0","2","0","0","0",$2,$0,"0","1","0","7500","Mapped, On Network",-81.4038036693847,28.3374687474967,654016.338754766,483947.80840137,3/12/2020 1:44:46 PM,,,,,,,,8.000000000000000,16.000000000000000,,
"89392156",20I034069,Osceola Co SO,Short,04:07:20,02:40 PM,Unincorporated,Osceola,CR-522,OLD DIXIE HWY,"39",West,Rear End,"2","0","0","0",N,N,N,$600,Clear,Daylight,,Rear End,E,Property Damage Only,N,Front to Rear,Motor Vehicle in Transport,On Roadway,Intersection-Related,N,Four-Way Intersection,County,Curb,Dry,None,,,None,,,N,N,,,,,"0","0","0","0","0","0","0","0","0","0","0","0",$0,$0,"0","0","0","600","Mapped, On Network",-81.3971622930836,28.3376207484366,654665.689836879,483978.383501245,4/13/2020 2:26:03 PM,,,,,,,,8.000000000000000,16.000000000000000,,
"89952881","20002447",Kissimmee PD,Long,03:20:20,03:03 PM,Kissimmee,Osceola,E OSCEOLA PKWY,MICHIGAN AVE,"50",East,Rear End,"2","0","0","0",N,Y,N,$100,Clear,Daylight,,Rear End,E,Property Damage Only,Y,Front to Rear,Motor Vehicle in Transport,On Roadway,Non-Junction,N,Not at Intersection,Local,Curb,Dry,None,,,None,,,N,N,,,,,"0","0","0","0","0","0","0","0","0","0","0","0",$0,$0,"0","0","0","100","Mapped, On Network",-81.3864433019088,28.3404400250618,655707.66046982,484313.595285312,3/31/2020 3:05:43 PM,,,,,,,,8.000000000000000,16.000000000000000,,
"88313019",FHPD20OFF022882,FHP,Long,03:16:20,12:30 PM,Kissimmee,Osceola,E OSCEOLA PKWY,BUENAVENTURA BLVD,"1584",West,Pedestrian,"1","1","0","1",N,N,N,$50,Cloudy,Daylight,,Pedestrian,N,Injury,N,Other,Pedestrian,On Roadway,Driveway/Alley Access Related,Y,T-Intersection,County,Curb,Dry,None,,,None,,,N,N,,,,,"0","0","0","0","1","0","0","0","1","0","0","0",$1,$0,"0","2","0","50","Mapped, On Network",-81.3840389343051,28.3403442801823,655943.091566236,484307.952598779,4/2/2020 1:16:24 AM,,,,,,,,8.000000000000000,16.000000000000000,,
"89324349","20001448",Kissimmee PD,Long,02:17:20,08:09 AM,Kissimmee,Osceola,E OSCEOLA PKWY,BILL BECK BLVD,"0",,Angle,"2","0","0","0",N,Y,N,"$2,000",Clear,Daylight,,Right Angle,NE,Property Damage Only,Y,Angle,Motor Vehicle in Transport,On Roadway,Intersection,Y,T-Intersection,Local,Paved,Dry,None,,,None,,,N,N,,,,,"0","0","0","0","0","0","0","0","0","0","0","0",$0,$0,"0","0","0","2000","Mapped, On Network",-81.3832726025736,28.3405849717422,656017.490290282,484336.267803604,3/17/2020 3:55:51 PM,,,,,,,,8.000000000000000,16.000000000000000,,
"89952925","20002843",Kissimmee PD,Long,04:12:20,05:25 PM,Kissimmee,Osceola,E OSCEOLA PKWY,MICHIGAN AVE,"500",East,Sideswipe,"2","0","0","0",N,Y,N,"$11,000",Clear,Daylight,,Same Direction Sideswipe,W,Property Damage Only,Y,"Sideswipe, Same Direction",Motor Vehicle in Transport,On Roadway,Non-Junction,N,Not at Intersection,Local,Curb,Dry,None,,,None,,,N,N,,,,,"0","0","2","0","0","0","0","0","0","0","0","0",$0,$0,"0","0","0","11000","Mapped, On Network",-81.3862565825002,28.3406300678322,655725.478851545,484335.083293296,4/15/2020 4:08:45 PM,,,,,,,,8.000000000000000,16.000000000000000,,
"89324308","20001300",Kissimmee PD,Long,02:12:20,07:08 PM,Kissimmee,Osceola,E OSCEOLA PKWY,MICHIGAN AVE,"115",West,Rear End,"2","0","0","0",N,N,N,"$2,500",Clear,Dark - Lighted,,Rear End,E,Property Damage Only,Y,Front to Rear,Motor Vehicle in Transport,On Roadway,Non-Junction,N,Not at Intersection,County,Paved,Dry,None,,,None,,,N,N,,,,,"0","0","0","0","0","0","0","0","0","0","0","0",$0,$0,"0","0","0","2500","Mapped, On Network",-81.3881777041054,28.3404400246793,655537.993753217,484309.999939961,3/16/2020 3:44:36 PM,,,,,,,,8.000000000000000,16.000000000000000,,
"89324416","20001696",Kissimmee PD,Long,02:24:20,05:04 PM,Kissimmee,Osceola,E OSCEOLA PKWY,BILL BECK BLVD,"10",West,Rear End,"2","0","0","0",N,Y,N,"$4,000",Clear,Daylight,,Rear End,E,Property Damage Only,Y,Front to Rear,Motor Vehicle in Transport,On Roadway,Non-Junction,N,Not at Intersection,Local,Curb,Dry,None,,,None,,,N,N,,,,,"0","0","0","0","0","0","0","0","0","0","0","0",$0,$0,"0","0","0","4000","Mapped, On Network",-81.3833306572442,28.340410412549,656012.22247297,484316.765647684,2/26/2020 4:19:26 PM,,,,,,,,8.000000000000000,16.000000000000000,,
"89952791","20002069",Kissimmee PD,Long,03:07:20,01:52 PM,Kissimmee,Osceola,BILL BECK BLVD,E OSCEOLA PKWY,"0",,Angle,"2","0","0","1",N,N,N,"$2,000",Clear,Daylight,,Right Angle,SE,Injury,Y,Angle,Motor Vehicle in Transport,On Roadway,Intersection,N,T-Intersection,Local,Curb,Dry,None,,,None,,,N,N,,,,,"0","0","1","0","0","0","0","1","0","0","0","0",$0,$0,"0","1","0","2000","Mapped, On Network",-81.3832973062439,28.3403952169173,656015.520817907,484315.147688987,3/17/2020 1:06:49 PM,,,,,,,,8.000000000000000,16.000000000000000,,
"84505806",FHPD20OFF009122,FHP,Long,02:01:20,08:45 AM,Orlando,Orange,LANDSTAR BLVD,SR 417,"1320",North,Off Road,"1","0","0","1",N,N,N,"$15,000",Rain,Daylight,,Off Road,N,Injury,N,Other,Embankment,Shoulder,Entrance/Exit Ramp,N,Not at Intersection,State,Unpaved,Wet,None,,,Other,None,,N,N,,,,,"0","0","0","0","0","0","0","1","0","0","0","0",$0,$0,"1","0","0","15000","Mapped, On Network",-81.3610566241235,28.3692282294315,658122.675538156,487562.887459299,2/12/2020 12:55:55 PM,,,,,,,,15.000000000000000,18.000000000000000,,
"88275195",FHPD20OFF010480,FHP,Long,02:06:20,03:00 AM,Unincorporated,Orange,STATE ROAD 417,LANDSTAR BOULEVARD,"2640",North,Off Road,"1","0","0","0",N,N,N,"$9,000",Clear,Dark - Lighted,,Off Road,N,Property Damage Only,N,Other,Utility Pole/Light Support,Shoulder,Non-Junction,N,Not at Intersection,Turnpike/Toll,Paved,Dry,None,,,None,,,N,N,,,,,"0","0","0","0","0","0","0","0","0","0","0","0",$0,$0,"0","1","3000","6000","Mapped, On Network",-81.3506516890613,28.3688659961392,659141.120230829,487544.490893751,2/17/2020 2:32:31 PM,,,,,,,,15.000000000000000,18.000000000000000,,