HSMV_Report_Number,Agency_Report_Number,Reporting_Agency,Form_Type,Crash_Date,Crash_Time,City,County,Crash_Street,Intersecting_Street,Offset_Distance,Offset_Direction,Crash_Type,Vehicles,Non_Motorists,Fatalities,Injuries,Alcohol_Related,Distraction_Related,Drug_Related,Estimated_Damages,Weather_Condition,Light_Condition,Street_Number,Crash_Type_Detailed,Crash_Type_Dir,Crash_Severity,Within_City_Limits,Manner_of_Collision,First_Harmful_Event,First_HE_Location,First_HE_Relation_to_Jct,First_HE_Within_Interchange,Type_of_Intersection,Road_Sys_Identifier,Type_of_Shoulder,Road_Surf_Cond,Contrib_Circum_Road1,Contrib_Circum_Road2,Contrib_Circum_Road3,Contrib_Circum_Env1,Contrib_Circum_Env2,Contrib_Circum_Env3,School_Bus_Related,Work_Zone_Related,Type_of_Work_Zone,Loc_in_Work_Zone,Workers_in_Work_Zone,Law_Enforcement_in_Work_Zone,Mopeds,Motorcycles,Passengers,Bicyclists,Pedestrians,Fatalities_Unrestrained,Injuries_Unrestrained,Possible_Injuries,Non_Incapacitating_Injuries,Incapacitating_Injuries,Fatalities_30_Days,Non_Traffic_Fatalities,Transported_by_EMS,Transported_by_Law_Enforcement,Transported_by_Other,Citations,Property_Dmg_Amt,Vehicle_Dmg_Amt,S4_Mapping,S4_Decimal_Degree_Longitude,S4_Decimal_Degree_Latitude,S4_Albers_X,S4_Albers_Y,S4_Mapping_Date,FID,ROADWAY,COLOR_CODE,DISTRICT,COUNTYDOT,COUNTY_2,MNG_DIST,BEGIN_POST,END_POST,Shape_Leng,Shape__Len
"88303078",FHPD20OFF017132,FHP,Short,02:27:20,08:18 AM,Orlando Expwy Auth,Orange,STATE ROAD 417 NB MM14,RHODE ISLAND WOODS CIR,"10",North,Rear End,"2","0","0","0",N,N,N,"$4,000",Clear,Daylight,,Rear End,N,Property Damage Only,N,Front to Rear,Motor Vehicle in Transport,On Roadway,Non-Junction,N,Not at Intersection,Turnpike/Toll,Paved,Dry,None,,,None,,,N,N,,,,,"0","0","0","0","0","0","0","0","0","0","0","0",$0,$0,"0","1","0","4000","Mapped, On Network",-81.3478739180352,28.3689330514799,659412.620761296,487557.776572885,3/26/2020 3:04:45 PM,,,,,,,,15.000000000000000,18.000000000000000,,
"88242393",FHPD20OFF011042,FHP,Short,02:07:20,03:48 PM,Orlando Expwy Auth,Orange,STATE ROAD 417 SB,BOGGY CREEK RD,"2640",South,Rear End,"2","0","0","0",N,N,N,"$2,000",Clear,Daylight,,Rear End,S,Property Damage Only,N,Front to Rear,Motor Vehicle in Transport,On Roadway,Non-Junction,N,Not at Intersection,Turnpike/Toll,Paved,Dry,None,,,None,,,N,N,,,,,"0","0","0","0","0","0","0","0","0","0","0","0",$0,$0,"0","1","0","2000","Mapped, On Network",-81.315534549751,28.3682033384509,662577.101324602,487545.202190904,2/13/2020 1:50:52 PM,,,,,,,,15.000000000000000,18.000000000000000,,
"88290834",FHPD20OFF012887,FHP,Long,02:13:20,06:55 PM,Unincorporated,Orange,STATE ROAD 417 (CENTRAL FLORIDA GREENEWAY),MM14,"2640",North,Rear End,"2","0","0","0",N,Y,N,"$7,000",Clear,Dusk,,Rear End,S,Property Damage Only,N,Front to Rear,Motor Vehicle in Transport,On Roadway,Non-Junction,N,Not at Intersection,State,Paved,Dry,None,,,None,,,N,N,,,,,"0","0","2","0","0","0","0","0","0","0","0","0",$0,$0,"0","0","0","7000","Mapped, On Network",-81.3376284938403,28.3681716015155,660416.427451096,487494.826690031,2/18/2020 1:51:05 PM,,,,,,,,15.000000000000000,18.000000000000000,,
"88290844",FHPD20OFF013944,FHP,Long,02:17:20,01:15 AM,Unincorporated,Orange,STATE ROAD 417 (CENTRAL FLORIDA GREENEWAY),LANDSTAR BOULEVARD,"2640",North,Off Road,"1","0","0","1",N,Y,N,"$11,100",Clear,Dark - Not Lighted,,Off Road,N,Injury,N,Other,Embankment,Off Roadway,Non-Junction,N,Not at Intersection,State,Paved,Dry,None,,,None,,,N,N,,,,,"0","0","0","0","0","0","0","0","1","0","0","0",$1,$0,"0","0","1100","10000","Mapped, On Network",-81.3610344554024,28.3692912926114,658124.693726259,487569.935853297,2/24/2020 12:50:25 PM,,,,,,,,15.000000000000000,18.000000000000000,,
"88315618",FHPD20OFF028457,FHP,Long,04:18:20,08:18 PM,Orlando,Orange,STATE ROAD 417 SOUTHBOUND,LANDSTAR BLVD,"700",South,Rear End,"2","0","0","0",N,Y,N,"$8,000",Clear,Dark - Not Lighted,,Rear End,S,Property Damage Only,N,Front to Rear,Motor Vehicle in Transport,On Roadway,Non-Junction,N,Not at Intersection,Turnpike/Toll,Paved,Dry,None,,,None,,,N,N,,,,,"0","0","0","0","0","0","0","0","0","0","0","0",$0,$0,"0","0","0","8000","Mapped, On Network",-81.3725573451794,28.3684934479791,656999.6659547,487457.282576501,7/19/2020 11:08:56 PM,,,,,,,,15.000000000000000,18.000000000000000,,
"88296947",FHPD20OFF020615,FHP,Long,03:08:20,06:41 PM,Orlando Expwy Auth,Orange,STATE ROAD 417,LANDSTAR BOULEVARD,"1000",South,Sideswipe,"2","0","0","0",N,Y,N,"$2,200",Clear,Daylight,,Same Direction Sideswipe,N,Property Damage Only,N,"Sideswipe, Same Direction",Motor Vehicle in Transport,On Roadway,Non-Junction,N,Not at Intersection,Turnpike/Toll,Paved,Dry,None,,,None,,,N,N,,,,,"0","0","2","0","0","0","0","0","0","0","0","0",$0,$0,"0","1","0","2200","Mapped, On Network",-81.3701087707827,28.3683152172694,657239.555677428,487442.598800316,3/26/2020 2:53:51 PM,,,,,,,,15.000000000000000,18.000000000000000,,
"88299620",FHPD20OFF015460,FHP,Long,02:21:20,04:00 PM,Orlando Expwy Auth,Orange,STATE RD 417,BOGGY CREEK RD,"10560",South,Rear End,"2","0","0","0",N,N,N,"$3,000",Cloudy,Daylight,,Rear End,S,Property Damage Only,N,Front to Rear,Motor Vehicle in Transport,On Roadway,Non-Junction,N,Not at Intersection,Turnpike/Toll,Paved,Dry,None,,,None,,,N,N,,,,,"0","0","1","0","0","0","0","0","0","0","0","0",$0,$0,"0","1","0","3000","Mapped, On Network",-81.3413889136869,28.3685146229523,660047.842629843,487524.977017138,2/27/2020 12:52:04 PM,,,,,,,,15.000000000000000,18.000000000000000,,
"88299629",FHPD20OFF017359,FHP,Short,02:27:20,05:01 PM,Orlando Expwy Auth,Orange,STATE RD 417,BOGGY CREEK RD,"10560",South,Sideswipe,"2","0","0","0",N,N,N,"$4,000",Clear,Daylight,,Same Direction Sideswipe,S,Property Damage Only,N,"Sideswipe, Same Direction",Motor Vehicle in Transport,On Roadway,Non-Junction,N,Not at Intersection,Turnpike/Toll,Paved,Dry,None,,,None,,,N,N,,,,,"0","0","0","0","0","0","0","0","0","0","0","0",$0,$0,"0","1","0","4000","Mapped, On Network",-81.334706419413,28.3680039070693,660702.604395249,487482.381679831,3/26/2020 2:00:03 PM,,,,,,,,15.000000000000000,18.000000000000000,,
"88315609",FHPD20OFF023506,FHP,Long,03:18:20,08:17 PM,Orlando Expwy Auth,Orange,STATE ROAD 417 SOUTHBOUND,LANDSTAR BLVD,"1000",South,Off Road,"1","0","0","1",N,N,N,"$15,000",Clear,Dark - Not Lighted,,Off Road,S,Injury,N,Other,Ditch,Off Roadway,Non-Junction,N,Not at Intersection,Turnpike/Toll,Paved,Dry,None,,,None,,,N,N,,,,,"0","0","0","0","0","0","0","0","1","0","0","0",$1,$0,"0","0","0","15000","Mapped, On Network",-81.3699399867556,28.3685848120975,657255.424053511,487472.88442757,3/26/2020 3:09:26 PM,,,,,,,,15.000000000000000,18.000000000000000,,
"88299628",FHPD20OFF017344,FHP,Short,02:27:20,04:33 PM,Orlando Expwy Auth,Orange,STATE RD 417,BOGGY CREEK RD,"5280",South,Rear End,"2","0","0","0",N,N,N,"$2,500",Clear,Daylight,,Rear End,S,Property Damage Only,N,Front to Rear,Motor Vehicle in Transport,On Roadway,Non-Junction,N,Not at Intersection,Turnpike/Toll,Paved,Dry,None,,,None,,,N,N,,,,,"0","0","0","0","0","0","0","0","0","0","0","0",$0,$0,"0","1","0","2500","Mapped, On Network",-81.3201892838393,28.3674784719699,662123.626265171,487454.816987209,3/26/2020 1:58:56 PM,,,,,,,,15.000000000000000,18.000000000000000,,
"88299652",FHPD20OFF029797,FHP,Long,04:27:20,03:01 PM,Orlando Expwy Auth,Orange,STATE RD 417,LANDSTAR BLVD,"500",South,Other,"3","0","0","0",N,N,N,"$11,500",Clear,Daylight,,Other,S,Property Damage Only,N,Other,Other Non-Collision,On Roadway,Non-Junction,N,Not at Intersection,Turnpike/Toll,Paved,Dry,None,,,None,,,N,Y,Work on Shoulder or Median,Advance Warning Area,N,N,"0","0","0","0","0","0","0","0","0","0","0","0",$0,$0,"0","0","500","11000","Mapped, On Network",-81.3689918815476,28.3686362795704,657348.025548224,487480.577207694,5/21/2020 12:05:49 PM,,,,,,,,15.000000000000000,18.000000000000000,,
"88242394",FHPD20OFF011123,FHP,Long,02:07:20,06:36 PM,Orlando Expwy Auth,Orange,STATE ROAD 417 SB MM16,BOGGY CREEK RD,"1320",South,Rear End,"3","0","0","0",N,N,N,"$6,000",Clear,Dark - Lighted,,Rear End,S,Property Damage Only,N,Front to Rear,Motor Vehicle in Transport,On Roadway,Non-Junction,N,Not at Intersection,Turnpike/Toll,Paved,Dry,None,,,None,,,N,N,,,,,"0","0","1","0","0","0","0","0","0","0","0","0",$0,$0,"0","1","0","6000","Mapped, On Network",-81.3163277871623,28.3679728092451,662500.081331727,487517.917606944,2/27/2020 1:12:21 PM,,,,,,,,15.000000000000000,18.000000000000000,,
"88293004",FHPD20OFF011893,FHP,Long,02:10:20,04:58 PM,Orlando,Orange,STATE ROAD 417 (GREENEWAY EXPY) RAMP,BOGGY CREEK ROAD,"0",,Left Turn,"2","0","0","1",N,N,N,"$6,000",Clear,Daylight,,Left Entering,E,Injury,N,"Sideswipe, Same Direction",Motor Vehicle in Transport,On Roadway,Intersection,N,Four-Way Intersection,State,Unpaved,Dry,None,,,None,,,N,N,,,,,"0","0","0","0","0","0","0","1","0","0","0","0",$0,$0,"0","0","0","6000","Mapped, On Network",-81.3094966375643,28.3699435339143,663163.381083328,487751.287861517,2/13/2020 3:48:41 PM,,,,,,,,15.000000000000000,18.000000000000000,,
"89821664",2020-00067229,Orlando PD,Short,02:23:20,12:50 PM,Orlando,Orange,BOGGY CREEK RD,SR417,"0",,Sideswipe,"2","0","0","0",N,N,N,$400,Clear,Daylight,,Same Direction Sideswipe,N,Property Damage Only,Y,Angle,Motor Vehicle in Transport,On Roadway,Non-Junction,N,Not at Intersection,Local,Paved,Dry,None,,,None,,,N,N,,,,,"0","0","0","0","0","0","0","0","0","0","0","0",$0,$0,"0","0","0","400","Mapped, On Network",-81.3094080069124,28.369307484414,663173.589960824,487680.856213989,3/6/2020 11:14:37 AM,,,,,,,,15.000000000000000,18.000000000000000,,
"88315607",FHPD20OFF021787,FHP,Long,03:12:20,04:43 PM,Orlando Expwy Auth,Orange,STATE ROAD 417 SOUTHBOUND,MILE MARKER 15,"0",,Rear End,"2","0","0","0",N,Y,N,"$17,000",Clear,Daylight,,Rear End,S,Property Damage Only,N,Front to Rear,Motor Vehicle in Transport,On Roadway,Non-Junction,N,Not at Intersection,Turnpike/Toll,Paved,Dry,None,,,None,,,N,N,,,,,"0","0","1","0","0","0","0","0","0","0","0","0",$0,$0,"0","1","0","17000","Mapped, On Network",-81.3348288056273,28.3680028980719,660690.637615159,487482.010915736,3/26/2020 3:11:06 PM,,,,,,,,15.000000000000000,18.000000000000000,,
"88305045",FHPD20OFF023041,FHP,Long,03:17:20,01:13 AM,Orlando,Orange,SR-417 (CENTRAL FLORIDA GREENEWAY),SR-91 (RONALD REAGAN TURNPIKE),"500",South,Off Road,"1","0","0","1",N,N,N,"$25,000",Clear,Dark - Lighted,,Off Road,N,Injury,N,Other,Guardrail Face,Shoulder,Non-Junction,Y,Not at Intersection,State,Paved,Dry,None,,,None,,,N,N,,,,,"0","0","0","0","0","0","0","0","0","1","0","0",$1,$0,"0","0","10000","15000","Mapped, On Network",-81.3874900008124,28.3682356748114,655539.874522365,487397.628814375,4/1/2020 1:21:40 PM,,,,,,,,15.000000000000000,18.000000000000000,,
"88295541",FHPD20OFF011137,FHP,Long,02:07:20,07:30 PM,Unincorporated,Orange,BOGGY CREEK ROAD,JETPORT DRIVE,"30",North,Sideswipe,"2","0","0","0",N,Y,N,"$4,000",Clear,Dark - Lighted,,Same Direction Sideswipe,S,Property Damage Only,N,"Sideswipe, Same Direction",Motor Vehicle in Transport,On Roadway,Non-Junction,N,Not at Intersection,County,Unpaved,Dry,None,,,None,,,N,N,,,,,"0","0","0","0","0","0","0","0","0","0","0","0",$0,$0,"0","1","0","4000","Mapped, On Network",-81.3511399417865,28.4505399951702,658898.54713379,496611.812531512,2/17/2020 5:34:07 PM,,,,,,,,14.000000000000000,17.000000000000000,,
"81962591",FHPK20OFF011713,FHP,Long,03:06:20,12:14 PM,Unincorporated,Orange,SR528 (9MM),CONWAY RD,"10",West,Sideswipe,"2","0","0","0",N,N,N,"$4,000",Clear,Daylight,,Same Direction Sideswipe,W,Property Damage Only,N,"Sideswipe, Same Direction",Motor Vehicle in Transport,On Roadway,Crossover-Related,N,Not at Intersection,Interstate,Paved,Dry,None,,,None,,,N,N,,,,,"0","0","0","0","0","0","0","0","0","0","0","0",$0,$0,"0","1","0","4000","Mapped, On Network",-81.3333223690184,28.4513288858116,660637.864719074,496736.937218936,3/18/2020 2:15:13 PM,,,,,,,,14.000000000000000,17.000000000000000,,
"89819967",2020-00053841,Orlando PD,Long,02:13:20,05:33 AM,Orlando,Orange,BEELINE WBO (SR 528),S. SEMORAN BLVD,"500",West,Sideswipe,"2","0","0","0",N,N,N,$650,Clear,Dark - Lighted,,Same Direction Sideswipe,W,Property Damage Only,Y,"Sideswipe, Same Direction",Motor Vehicle in Transport,On Roadway,Non-Junction,N,Not at Intersection,State,Paved,Dry,None,,,None,,,Y,N,,,,,"0","0","0","0","0","0","0","0","0","0","0","0",$0,$0,"0","0","0","650","Mapped, On Network",-81.3158045466002,28.4515756425075,662349.16962098,496801.481980132,2/21/2020 11:45:25 AM,,,,,,,,14.000000000000000,17.000000000000000,,
"88315254",FHPD20OFF023511,FHP,Long,03:18:20,08:08 PM,Unincorporated,Orange,DAETWYLER DRIVE,MCCOY ROAD,"0",,Left Turn,"2","0","0","2",N,Y,N,"$5,000",Clear,Dark - Not Lighted,,Left Entering,N,Injury,N,Front to Front,Motor Vehicle in Transport,On Roadway,Intersection,N,Four-Way Intersection,County,Curb,Dry,None,,,None,,,N,N,,,,,"0","0","0","0","0","0","0","0","2","0","0","0",$2,$0,"0","0","0","5000","Mapped, On Network",-81.3388500726876,28.4512099460659,660097.9626,496712.06,3/28/2020 7:54:13 PM,,,,,,,,14.000000000000000,17.000000000000000,,
"88286518",FHPD20OFF017054,FHP,Long,02:26:20,09:21 PM,Unincorporated,Orange,DAETWYLER DRIVE,MCCOY ROAD,"0",,Angle,"2","0","0","0",N,N,N,"$5,500",Rain,Dark - Not Lighted,,Right Angle,NW,Property Damage Only,N,Angle,Motor Vehicle in Transport,On Roadway,Intersection,N,Four-Way Intersection,Local,Unpaved,Wet,None,,,None,,,N,N,,,,,"0","0","0","0","0","0","0","0","0","0","0","0",$0,$0,"0","0","0","5500","Mapped, On Network",-81.3388500726876,28.4512099460659,660097.9626,496712.06,3/17/2020 5:39:12 PM,,,,,,,,14.000000000000000,17.000000000000000,,
"88208557",FHPL20OFF011004,FHP,Long,02:20:20,07:05 AM,Orlando,Orange,STATE ROAD 528(BEACHLINE XPWY),MM 4,"0",,Other,"2","0","0","0",N,N,N,"$2,750",Clear,Daylight,,Backed Into,W,Property Damage Only,N,Front to Rear,Motor Vehicle in Transport,On Roadway,Entrance/Exit Ramp,Y,Not at Intersection,State,Paved,Dry,None,,,None,,,N,N,,,,,"0","0","0","0","0","0","0","0","0","0","0","0",$0,$0,"0","1","0","2750","Mapped, On Network",-81.4052424841024,28.4343967706935,653649.095537181,494706.970897831,2/24/2020 2:42:26 PM,,,,,,,,14.000000000000000,17.000000000000000,,
"88315342",FHPK20OFF012971,FHP,Long,03:13:20,06:59 PM,Orlando,Orange,STATE ROAD 528 (BEACHLINE EXP),MILEMARKER 4 EXIT RAMP,"0",,Off Road,"1","0","0","0",N,Y,N,"$6,000",Clear,Dusk,,Off Road,W,Property Damage Only,N,Other,Guardrail End,Shoulder,Entrance/Exit Ramp,Y,Not at Intersection,Turnpike/Toll,Paved,Dry,None,,,None,,,N,N,,,,,"0","0","0","0","0","0","0","0","0","0","0","0",$0,$0,"0","1","1000","5000","Mapped, On Network",-81.4079489541614,28.4336958215306,653386.201199634,494623.578985767,3/30/2020 5:30:48 PM,,,,,,,,14.000000000000000,17.000000000000000,,
"88299649",FHPD20OFF028874,FHP,Short,04:21:20,05:28 PM,Orlando Expwy Auth,Orange,STATE RD 528 ENTRANCE RAMP,VIA FLORA,"100",West,Sideswipe,"2","0","0","0",N,N,N,$400,Clear,Daylight,,Same Direction Sideswipe,E,Property Damage Only,N,"Sideswipe, Same Direction",Motor Vehicle in Transport,On Roadway,Entrance/Exit Ramp,N,Not at Intersection,Turnpike/Toll,Paved,Dry,None,,,None,,,N,N,,,,,"0","0","0","0","0","0","0","0","0","0","0","0",$0,$0,"0","1","0","400","Mapped, On Network",-81.3451274679918,28.4505055411017,659486.195650498,496620.624577232,5/21/2020 12:03:28 PM,,,,,,,,14.000000000000000,17.000000000000000,,
"89821598",2020-00072983,Orlando PD,Long,02:27:20,04:59 PM,Orlando,Orange,528 E.,S. GOLDENROD EXIT 12,"15840",West,Rear End,"3","0","0","1",N,N,N,"$4,300",Clear,Daylight,,Rear End,E,Injury,Y,Front to Rear,Motor Vehicle in Transport,On Roadway,Non-Junction,N,Not at Intersection,Interstate,Paved,Dry,None,None,None,None,,,N,N,,,,,"0","0","0","0","0","0","0","1","0","0","0","0",$0,$0,"0","0","0","4300","Mapped, On Network",-81.3418639186451,28.4505651317334,659804.981659333,496634.112555474,3/10/2020 4:35:03 PM,,,,,,,,14.000000000000000,17.000000000000000,,
"89821095",2020-00100855,Orlando PD,Short,03:20:20,10:50 PM,Orlando,Orange,SR 528 (W BOUND NEAR EXIT 11),EXIT 11,"5280",West,Other,"1","0","0","0",N,Y,N,$500,Clear,Dark - Lighted,,Single Vehicle,W,Property Damage Only,Y,"Sideswipe, Same Direction",Motor Vehicle in Transport,On Roadway,Non-Junction,N,Not at Intersection,State,Unpaved,Dry,None,None,None,None,None,None,N,N,,,,,"0","0","0","0","0","0","0","0","0","0","0","0",$0,$0,"0","0","0","500","Mapped, On Network",-81.3253212303122,28.4514735288218,661419.415549796,496769.933583478,3/30/2020 4:23:43 PM,,,,,,,,14.000000000000000,17.000000000000000,,
"88200513",FHPK20OFF006711,FHP,Long,02:08:20,08:10 PM,Orlando,Orange,SR-528 WESTBOUND,SR-91 (FLORIDAS TURNPIKE),"5280",East,Off Road,"1","0","0","0",N,Y,N,"$15,000",Clear,Dark - Lighted,,Off Road,W,Property Damage Only,Y,Unknown,Impact Attenuator/Crash Cushion,On Roadway,Non-Junction,N,Not at Intersection,State,Paved,Dry,None,,,None,,,N,N,,,,,"0","0","0","0","0","0","0","0","0","0","0","0",$0,$0,"0","2","0","15000","Mapped, On Network",-81.38384849724,28.4443426600619,655716.708765705,495855.465523189,2/13/2020 10:56:40 AM,,,,,,,,14.000000000000000,17.000000000000000,,
"88267448",FHPD20OFF010172,FHP,Long,02:04:20,10:20 PM,Orlando,Orange,STATE ROAD 528 (BEACH LINE EXPRESSWAY),JET PORT DRIVE,"1795",West,Sideswipe,"2","0","0","0",N,Y,N,"$2,000",Cloudy,Dark - Lighted,,Same Direction Sideswipe,E,Property Damage Only,N,Other,Motor Vehicle in Transport,On Roadway,Non-Junction,N,Not at Intersection,State,Paved,Dry,None,,,None,,,N,Y,Work on Shoulder or Median,Activity Area,Y,Y,"0","0","0","0","0","0","0","0","0","0","0","0",$0,$0,"0","0","0","2000","Mapped, On Network",-81.3614159368212,28.4459232103418,657905.298996397,496077.673439462,2/13/2020 3:34:32 PM,,,,,,,,14.000000000000000,17.000000000000000,,
"89823023",2020-00088017,Orlando PD,Long,03:10:20,08:31 AM,Orlando,Orange,SR 528 (FLORIDA BEACHLINE WEST),SR 436 (S SEMORAN BV EXIT RAMP),"200",West,Rear End,"3","0","0","2",N,Y,N,"$11,200",Clear,Daylight,,Rear End,W,Injury,Y,Front to Rear,Motor Vehicle in Transport,On Roadway,Entrance/Exit Ramp,N,Not at Intersection,State,Paved,Dry,None,,,None,,,N,N,,,,,"0","0","0","0","0","0","0","2","0","0","0","0",$0,$0,"0","1","0","11200","Mapped, On Network",-81.3100411758799,28.451564361404,662912.410756844,496812.504063062,3/24/2020 4:47:18 PM,,,,,,,,14.000000000000000,17.000000000000000,,
"88204642",FHPK20OFF013934,FHP,Long,03:20:20,02:11 PM,Orlando,Orange,STATE ROAD 528 (BEACHLINE EXPRESSWAY),US 441 (ORANGE BLOSSOM TRAIL),"0",,Sideswipe,"2","0","0","0",N,N,N,$200,Clear,Daylight,,Same Direction Sideswipe,,Property Damage Only,N,"Sideswipe, Same Direction",Motor Vehicle in Transport,On Roadway,Non-Junction,N,Not at Intersection,U.S.,Paved,Dry,None,,,None,,,N,N,,,,,"0","0","0","0","0","0","0","0","0","0","0","0",$0,$0,"0","0","0","200","Mapped, On Network",-81.4048092865188,28.4342223863841,653691.843821728,494688.499798406,4/6/2020 5:02:42 PM,,,,,,,,14.000000000000000,17.000000000000000,,
"88304885",FHPD20OFF020628,FHP,Short,03:08:20,07:50 PM,Orlando,Orange,SR 528,JETPORT DR,"50",East,Sideswipe,"2","0","0","0",N,N,N,$500,Clear,Daylight,,Same Direction Sideswipe,E,Property Damage Only,N,"Sideswipe, Same Direction",Motor Vehicle in Transport,On Roadway,Non-Junction,Y,Not at Intersection,State,Unpaved,Dry,None,,,None,,,N,N,,,,,"0","0","2","0","0","0","0","0","0","0","0","0",$0,$0,"0","1","0","500","Mapped, On Network",-81.3502533581568,28.4507770346676,658984.622520632,496639.992915869,3/25/2020 2:36:38 PM,,,,,,,,14.000000000000000,17.000000000000000,,
"88286513",FHPD20OFF016109,FHP,Short,02:24:20,03:28 AM,Unincorporated,Orange,DAETWYLER DRIVE,MCCOY ROAD,"5",North,Rear End,"2","0","0","0",N,N,N,"$6,000",Clear,Dark - Not Lighted,,Rear End,S,Property Damage Only,N,Front to Rear,Motor Vehicle in Transport,On Roadway,Intersection-Related,N,Not at Intersection,Local,Unpaved,Dry,None,,,None,,,N,N,,,,,"0","0","0","0","0","0","0","0","0","0","0","0",$0,$0,"0","1","0","6000","Mapped, On Network",-81.3388500001467,28.4512280336959,660097.926343153,496714.068433481,3/14/2020 3:12:02 PM,,,,,,,,14.000000000000000,17.000000000000000,,
"88203479",FHPK20OFF011135,FHP,Long,03:03:20,11:03 AM,Orlando,Orange,STATE ROAD 528 (BEACHLINE EXPY),MILE MARKER 5,"2640",East,Sideswipe,"2","0","0","0",N,N,N,"$6,500",Clear,Daylight,,Same Direction Sideswipe,E,Property Damage Only,N,"Sideswipe, Same Direction",Motor Vehicle in Transport,On Roadway,Non-Junction,N,Not at Intersection,Turnpike/Toll,Paved,Dry,None,,,None,,,N,N,,,,,"0","0","0","0","0","0","0","0","0","0","0","0",$0,$0,"0","0","0","6500","Mapped, On Network",-81.3920303542659,28.4420625510175,654922.444465843,495585.361054231,3/30/2020 5:00:35 PM,,,,,,,,14.000000000000000,17.000000000000000,,
"88240118",FHPK20OFF008538,FHP,Long,02:18:20,09:45 AM,Orlando,Orange,STATE ROAD 91 (FLORIDA TURNPIKE),STATE ROAD 528 (BEACH LINE),"5280",North,Other,"1","0","0","0",N,N,N,"$1,000",Clear,Daylight,,Single Vehicle,N,Property Damage Only,N,Other,Other Non-Fixed Object,On Roadway,Non-Junction,N,Not at Intersection,Turnpike/Toll,Paved,Dry,None,,,None,,,N,N,,,,,"0","0","0","0","0","0","0","0","0","0","0","0",$0,$0,"0","0","0","1000","Mapped, On Network",-81.4083914064691,28.4330805815744,653344.391460332,494554.358574778,3/6/2020 8:19:32 PM,,,,,,,,14.000000000000000,17.000000000000000,,
"88315249",FHPD20OFF022713,FHP,Long,03:15:20,05:07 PM,Unincorporated,Orange,JETPORT DRIVE,BOGGY CREEK ROAD,"100",West,Sideswipe,"2","0","0","0",N,N,N,$400,Clear,Daylight,,Same Direction Sideswipe,E,Property Damage Only,N,"Sideswipe, Same Direction",Motor Vehicle in Transport,On Roadway,Non-Junction,N,Not at Intersection,County,Unpaved,Dry,None,,,None,,,N,N,,,,,"0","0","1","0","0","0","0","0","0","0","0","0",$0,$0,"0","0","0","400","Mapped, On Network",-81.3503040843928,28.4499307256319,658981.684728251,496545.919987018,3/25/2020 3:51:18 PM,,,,,,,,14.000000000000000,17.000000000000000,,
"88286898",FHPD20OFF015211,FHP,Long,02:20:20,09:00 PM,Belle Isle,Orange,DAETWYLER DR.,MCCOY RD.,"10",North,Rear End,"2","0","0","0",N,Y,N,$0,Clear,Dark - Lighted,,Rear End,S,Property Damage Only,Y,Front to Rear,Motor Vehicle in Transport,On Roadway,Non-Junction,N,Not at Intersection,Local,Unpaved,Dry,None,,,None,,,N,N,,,,,"0","0","1","0","0","0","0","0","0","0","0","0",$1,$0,"0","0","0","0","Mapped, On Network",-81.3388500001436,28.4512370381246,660097.904764935,496715.068200644,3/6/2020 4:38:47 PM,,,,,,,,14.000000000000000,17.000000000000000,,
"88273691",FHPK20OFF008856,FHP,Long,02:20:20,06:56 AM,Orlando,Orange,STATE ROAD 528,MCCOY ROAD,"11616",West,Rear End,"2","0","0","1",N,N,N,"$29,000",Clear,Daylight,,Rear End,E,Injury,N,Front to Rear,Motor Vehicle in Transport,On Roadway,Non-Junction,N,Not at Intersection,Turnpike/Toll,Paved,Dry,None,,,None,,,N,N,,,,,"0","0","2","0","0","0","0","0","0","1","0","0",$1,$0,"0","1","0","29000","Mapped, On Network",-81.3989343624227,28.4381767031166,654256.797290151,495139.654852768,3/5/2020 7:13:08 PM,,,,,,,,14.000000000000000,17.000000000000000,,
"89822550",2020-00111009,Orlando PD,Long,03:31:20,06:23 PM,Orlando,Orange,TRADEPORT DR,JETPORT DR,"0",,Left Turn,"2","0","0","0",N,N,N,"$10,500",Cloudy,Daylight,,Left Leaving,E,Property Damage Only,Y,Angle,Motor Vehicle in Transport,On Roadway,Intersection,Y,Four-Way Intersection,Local,Paved,Dry,None,,,None,,,N,N,,,,,"0","0","2","0","0","0","0","0","0","0","0","0",$0,$0,"0","0","0","10500","Mapped, On Network",-81.3335300465399,28.4505665839053,660619.400189531,496651.85952518,7/2/2020 4:35:50 PM,,,,,,,,14.000000000000000,17.000000000000000,,
"88275185",FHPD20OFF009543,FHP,Long,02:02:20,07:37 PM,Unincorporated,Orange,STATE ROAD 482 (MCCOY ROAD),STATE ROAD 528,"20",South,Sideswipe,"2","0","0","0",N,N,N,"$1,000",Clear,Dark - Lighted,,Same Direction Sideswipe,W,Property Damage Only,N,"Sideswipe, Same Direction",Motor Vehicle in Transport,On Roadway,Intersection-Related,Y,Not at Intersection,State,Curb,Dry,None,,,None,,,N,N,,,,,"0","0","0","0","0","0","0","0","0","0","0","0",$0,$0,"0","1","0","1000","Mapped, On Network",-81.3504828434927,28.4502693794477,658963.407460643,496583.145590555,2/18/2020 1:42:57 PM,,,,,,,,14.000000000000000,17.000000000000000,,