HSMV_Report_Number,Agency_Report_Number,Reporting_Agency,Form_Type,Crash_Date,Crash_Time,City,County,Crash_Street,Intersecting_Street,Offset_Distance,Offset_Direction,Crash_Type,Vehicles,Non_Motorists,Fatalities,Injuries,Alcohol_Related,Distraction_Related,Drug_Related,Estimated_Damages,Weather_Condition,Light_Condition,Street_Number,Crash_Type_Detailed,Crash_Type_Dir,Crash_Severity,Within_City_Limits,Manner_of_Collision,First_Harmful_Event,First_HE_Location,First_HE_Relation_to_Jct,First_HE_Within_Interchange,Type_of_Intersection,Road_Sys_Identifier,Type_of_Shoulder,Road_Surf_Cond,Contrib_Circum_Road1,Contrib_Circum_Road2,Contrib_Circum_Road3,Contrib_Circum_Env1,Contrib_Circum_Env2,Contrib_Circum_Env3,School_Bus_Related,Work_Zone_Related,Type_of_Work_Zone,Loc_in_Work_Zone,Workers_in_Work_Zone,Law_Enforcement_in_Work_Zone,Mopeds,Motorcycles,Passengers,Bicyclists,Pedestrians,Fatalities_Unrestrained,Injuries_Unrestrained,Possible_Injuries,Non_Incapacitating_Injuries,Incapacitating_Injuries,Fatalities_30_Days,Non_Traffic_Fatalities,Transported_by_EMS,Transported_by_Law_Enforcement,Transported_by_Other,Citations,Property_Dmg_Amt,Vehicle_Dmg_Amt,S4_Mapping,S4_Decimal_Degree_Longitude,S4_Decimal_Degree_Latitude,S4_Albers_X,S4_Albers_Y,S4_Mapping_Date,FID,ROADWAY,COLOR_CODE,DISTRICT,COUNTYDOT,COUNTY_2,MNG_DIST,BEGIN_POST,END_POST,Shape_Leng,Shape__Len
"89821697",2020-00059299,Orlando PD,Short,02:17:20,01:45 PM,Orlando,Orange,TRADEPORT DR,JETPORT RD,"0",,Sideswipe,"2","0","0","0",N,N,N,"$2,600",Clear,Daylight,,Same Direction Sideswipe,N,Property Damage Only,Y,"Sideswipe, Same Direction",Motor Vehicle in Transport,On Roadway,Intersection,N,Four-Way Intersection,Local,Curb,Dry,None,,,None,,,N,N,,,,,"0","0","0","0","0","0","0","0","0","0","0","0",$0,$0,"0","0","0","2600","Mapped, On Network",-81.3334417111842,28.4506038721428,660627.943155577,496656.186352693,3/3/2020 4:29:04 PM,,,,,,,,14.000000000000000,17.000000000000000,,
"88273702",FHPK20OFF015060,FHP,Long,03:31:20,06:35 AM,Orlando,Orange,STATE ROAD 528 EB ENTRANCE RAMP,FLORIDA TURNPIKE (STATE ROAD 91),"264",East,Rear End,"2","0","0","0",N,N,N,"$40,000",Clear,Dark - Not Lighted,,Rear End,E,Property Damage Only,N,Front to Rear,Motor Vehicle in Transport,On Roadway,Non-Junction,N,Not at Intersection,Turnpike/Toll,Paved,Dry,None,,,None,,,N,N,,,,,"0","0","8","0","0","0","0","0","0","0","0","0",$0,$0,"0","1","0","40000","Mapped, On Network",-81.4060870796612,28.4338766411857,653567.759710454,494647.482898763,4/6/2020 5:14:37 PM,,,,,,,,14.000000000000000,17.000000000000000,,
"88282834",FHPD20OFF014136,FHP,Short,02:17:20,04:30 PM,Orlando,Orange,MCCOY ROAD,JETPORT DRIVE,"100",North,Sideswipe,"2","0","0","0",N,Y,N,"$1,000",Clear,Daylight,,Same Direction Sideswipe,S,Property Damage Only,N,"Sideswipe, Same Direction",Motor Vehicle in Transport,On Roadway,Non-Junction,N,Not at Intersection,County,Curb,Dry,None,,,None,,,N,N,,,,,"0","0","0","0","0","0","0","0","0","0","0","0",$0,$0,"0","0","0","1000","Mapped, On Network",-81.3504111016643,28.450254364154,658970.454243908,496581.629091656,3/15/2020 5:28:43 PM,,,,,,,,14.000000000000000,17.000000000000000,,
"89819063",2020-00048252,Orlando PD,Short,02:09:20,12:19 AM,Orlando,Orange,JETPORT DR,TRADEPORT DR,"500",West,Sideswipe,"2","0","0","0",N,N,N,"$1,500",Clear,Dark - Lighted,,Same Direction Sideswipe,W,Property Damage Only,Y,"Sideswipe, Same Direction",Motor Vehicle in Transport,On Roadway,Non-Junction,N,Not at Intersection,Local,Curb,Dry,None,,,None,,,N,N,,,,,"0","0","0","0","0","0","0","0","0","0","0","0",$0,$0,"0","0","0","1500","Mapped, On Network",-81.3343925420022,28.4505684501908,660535.108979954,496650.244190218,2/26/2020 2:00:03 PM,,,,,,,,14.000000000000000,17.000000000000000,,
"89824008",2020-00134103,Orlando PD,Long,04:24:20,05:52 PM,Orlando,Orange,SR 528 EBO,SR 436,"0",,Rear End,"2","0","0","0",N,Y,N,"$1,500",Rain,Dawn,,Rear End,E,Property Damage Only,Y,Front to Rear,Motor Vehicle in Transport,On Roadway,Non-Junction,N,Not at Intersection,State,Paved,Wet,None,,,None,,,N,N,,,,,"0","0","0","0","0","0","0","0","0","0","0","0",$0,$0,"0","0","0","1500","Mapped, On Network",-81.3107867133324,28.4513599509129,662840.049655203,496788.219053289,7/20/2020 2:16:05 PM,,,,,,,,14.000000000000000,17.000000000000000,,
"88240212",FHPK20OFF008049,FHP,Short,02:15:20,07:30 PM,Orlando,Orange,STATE ROAD 528,JET PORT DRIVE,"10",South,Rear End,"2","0","0","0",N,N,N,"$1,000",Clear,Dark - Lighted,,Rear End,S,Property Damage Only,N,Front to Rear,Motor Vehicle in Transport,On Roadway,Non-Junction,N,Not at Intersection,State,Paved,Dry,None,,,None,,,N,N,,,,,"0","0","3","0","0","0","0","0","0","0","0","0",$0,$0,"0","1","0","1000","Mapped, On Network",-81.3573241454069,28.4471480150895,658302.270367811,496222.229105953,2/21/2020 9:39:47 AM,,,,,,,,14.000000000000000,17.000000000000000,,
"88273698",FHPK20OFF013770,FHP,Long,03:19:20,09:45 AM,Orlando,Orange,STATE ROAD 528,MCCOY ROAD,"5280",West,Unknown,"2","0","0","0",N,N,N,"$21,000",Clear,Daylight,,Unknown,,Property Damage Only,N,Angle,Motor Vehicle in Transport,On Roadway,Non-Junction,N,Not at Intersection,Turnpike/Toll,Paved,Dry,None,,,None,,,N,N,,,,,"0","0","1","0","0","0","0","0","0","0","0","0",$0,$0,"0","1","0","21000","Mapped, On Network",-81.345777096234,28.4509137772281,659421.73528392,496664.58451437,3/27/2020 12:17:57 AM,,,,,,,,14.000000000000000,17.000000000000000,,
"89821093",2020-00070793,Orlando PD,Long,02:26:20,06:00 AM,Orlando,Orange,S.R. 528 / BEE LINE EXPRESSWAY - (EASTBOUND),S.R 436 / S. SEMORAN BLVD,"2000",West,Other,"1","0","0","1",N,N,N,"$6,000",Clear,Dark - Lighted,,Single Vehicle,E,Injury,Y,Angle,Motor Vehicle in Transport,On Roadway,Non-Junction,N,Not at Intersection,State,Paved,Dry,None,,,None,,,N,N,,,,,"0","0","0","0","0","0","0","0","1","0","0","0",$0,$0,"0","0","0","6000","Mapped, On Network",-81.3159106348927,28.4513560837607,662339.333043568,496776.878642179,3/25/2020 2:31:15 PM,,,,,,,,14.000000000000000,17.000000000000000,,
"88273689",FHPK20OFF007112,FHP,Short,02:11:20,10:47 AM,Orlando,Orange,SR 528 WB,FLORODA TURNPIKE (STATE ROAD 91),"10560",East,Rear End,"2","0","0","0",N,N,N,"$6,000",Clear,Daylight,,Rear End,W,Property Damage Only,N,Front to Rear,Motor Vehicle in Transport,On Roadway,Non-Junction,N,Not at Intersection,Turnpike/Toll,Paved,Dry,None,,,None,,,N,N,,,,,"0","0","1","0","0","0","0","0","0","0","0","0",$0,$0,"0","1","0","6000","Mapped, On Network",-81.3960912109414,28.4407668959656,654528.603204908,495433.113908688,3/4/2020 8:46:01 PM,,,,,,,,14.000000000000000,17.000000000000000,,
"88279485",FHPD20OFF027884,FHP,Long,04:15:20,10:00 AM,Orlando,Orange,JETPORT DR,SR 528,"0",,Sideswipe,"2","0","0","0",N,Y,N,"$2,800",Clear,Daylight,,Opposing Sideswipe,E,Property Damage Only,N,"Sideswipe, Opposite Direction",Motor Vehicle in Transport,On Roadway,Intersection,Y,T-Intersection,County,Paved,Dry,None,,,None,,,N,N,,,,,"0","0","0","0","0","0","0","0","0","0","0","0",$0,$0,"0","1","0","2800","Mapped, On Network",-81.3344600002123,28.450560024865,660528.536899999,496649.1662,4/21/2020 3:09:21 PM,,,,,,,,14.000000000000000,17.000000000000000,,
"88179945",FHPK20OFF012438,FHP,Long,03:10:20,05:25 PM,Orlando,Orange,STATE ROAD 528 (BEACHLINE EXPRESSWAY),ORANGE BLOSSOM TRAIL,"5280",East,Rear End,"2","0","0","0",N,N,N,"$2,500",Rain,Daylight,,Rear End,W,Property Damage Only,N,Front to Rear,Motor Vehicle in Transport,On Roadway,Non-Junction,N,Not at Intersection,Turnpike/Toll,Paved,Wet,None,,,None,,,N,N,,,,,"0","0","1","0","0","0","0","0","0","0","0","0",$0,$0,"0","2","0","2500","Mapped, On Network",-81.3921557778597,28.442250295099,654909.745548615,495605.947317796,4/15/2020 12:43:49 PM,,,,,,,,14.000000000000000,17.000000000000000,,
"89222484",2020-00051698,Orlando PD,Short,02:11:20,04:43 PM,Orlando,Orange,BEELINE EBO,MCCOY RD,"0",,Rear End,"2","0","0","0",N,N,N,"$3,000",Clear,Daylight,,Rear End,E,Property Damage Only,Y,Front to Rear,Motor Vehicle in Transport,On Roadway,Non-Junction,N,Not at Intersection,State,Paved,Dry,None,,,None,,,N,N,,,,,"0","0","0","0","0","0","0","0","0","0","0","0",$0,$0,"0","0","0","3000","Mapped, On Network",-81.3501986334868,28.4506041343364,658990.383030836,496620.910582989,2/21/2020 11:42:25 AM,,,,,,,,14.000000000000000,17.000000000000000,,
"88304057",FHPD20OFF018110,FHP,Long,02:29:20,10:52 PM,Orlando,Orange,MCCOY RD.,DAETWYLER DR.,"10",West,Angle,"2","0","0","0",N,N,N,"$10,000",Clear,Dark - Lighted,,Right Angle,SW,Property Damage Only,N,Angle,Motor Vehicle in Transport,On Roadway,Intersection,Y,Four-Way Intersection,Local,Unpaved,Dry,None,,,None,,,N,N,,,,,"0","0","0","0","0","0","0","0","0","0","0","0",$0,$0,"0","0","0","10000","Mapped, On Network",-81.3388835437711,28.4512270191479,660094.650765749,496713.885036992,3/15/2020 4:13:13 PM,,,,,,,,14.000000000000000,17.000000000000000,,
"88174641",FHPK20OFF015975,FHP,Short,04:10:20,02:42 PM,Orlando,Orange,SR-528 (BEACHLINE EXPRESSWAY),SR-436 (S SEMORAN BLVD),"10560",West,Sideswipe,"2","0","0","0",N,N,N,"$2,500",Clear,Daylight,,Same Direction Sideswipe,W,Property Damage Only,N,"Sideswipe, Same Direction",Motor Vehicle in Transport,On Roadway,Non-Junction,N,Not at Intersection,State,Paved,Dry,None,,,None,,,N,N,,,,,"0","0","0","0","0","0","0","0","0","0","0","0",$0,$0,"0","1","0","2500","Mapped, On Network",-81.3345851861425,28.4511631499494,660514.855530224,496715.867016949,4/15/2020 1:31:11 PM,,,,,,,,14.000000000000000,17.000000000000000,,
"88273692",FHPK20OFF009464,FHP,Short,02:23:20,10:49 AM,Orlando,Orange,FLORIDA TURNPIKE (STATE ROAD 91) ENTRANCE RAM,STATE ROAD 528,"105",West,Sideswipe,"2","0","0","0",N,N,N,"$25,000",Clear,Daylight,,Same Direction Sideswipe,W,Property Damage Only,N,Angle,Motor Vehicle in Transport,On Roadway,Non-Junction,N,Not at Intersection,Turnpike/Toll,Curb,Dry,None,,,None,,,N,N,,,,,"0","0","1","0","0","0","0","0","0","0","0","0",$0,$0,"0","1","0","25000","Mapped, On Network",-81.4057235641195,28.4342943997733,653602.313924652,494694.61499696,3/3/2020 3:32:46 PM,,,,,,,,14.000000000000000,17.000000000000000,,
"88168125",FHPK20OFF009309,FHP,Long,02:22:20,02:52 PM,Orlando,Orange,STATE ROAD 528 (BEACHLINE EXPRESSWAY),MM6,"0",,Unknown,"2","0","0","0",N,N,N,"$18,000",Cloudy,Daylight,,Unknown,,Property Damage Only,N,Angle,Motor Vehicle in Transport,On Roadway,Non-Junction,N,Not at Intersection,Turnpike/Toll,Paved,Dry,None,,,None,,,N,N,,,,,"0","0","2","0","0","0","0","0","0","0","0","0",$0,$0,"0","2","0","18000","Mapped, On Network",-81.3747802244013,28.4457246992279,656599.689555782,496027.752598152,3/5/2020 5:42:03 PM,,,,,,,,14.000000000000000,17.000000000000000,,
"88289536",FHPD20OFF016420,FHP,Short,02:25:20,06:48 AM,Orlando,Orange,JETPORT DRIVE,MCCOY ROAD,"500",West,Right Turn,"2","0","0","0",N,N,N,$700,Clear,Daylight,,Right/Through,N,Property Damage Only,N,Angle,Motor Vehicle in Transport,On Roadway,Non-Junction,N,Not at Intersection,Local,Unpaved,Dry,None,,,None,,,N,N,,,,,"0","0","0","0","0","0","0","0","0","0","0","0",$0,$0,"0","1","0","700","Mapped, On Network",-81.3509787401939,28.4497012094934,658916.30142566,496519.019902395,3/12/2020 6:01:52 PM,,,,,,,,14.000000000000000,17.000000000000000,,
"88204637",FHPK20OFF008590,FHP,Long,02:18:20,03:09 PM,Orlando,Orange,SR 528 (MARTIN ANDERSON BEACHLINE EXPWY),STATE ROAD 91 (FLORIDAS TURNPIKE),"0",,Rear End,"2","0","0","0",N,N,N,"$1,700",Clear,Daylight,,Rear End,W,Property Damage Only,N,Front to Rear,Motor Vehicle in Transport,On Roadway,Non-Junction,N,Not at Intersection,State,Paved,Dry,None,,,None,,,N,N,,,,,"0","0","0","0","0","0","0","0","0","0","0","0",$0,$0,"0","1","0","1700","Mapped, On Network",-81.4033569938875,28.4349649253809,653832.054817572,494773.933934998,2/24/2020 12:41:10 PM,,,,,,,,14.000000000000000,17.000000000000000,,
"88208507",FHPK20OFF005385,FHP,Long,02:01:20,10:04 AM,Orlando,Orange,STATE ROAD 528,ORANGE AVE,"5280",West,Rollover,"1","0","0","0",N,N,N,"$10,000",Rain,Daylight,,Rollover,E,Property Damage Only,N,Other,Overturn/Rollover,Off Roadway,Non-Junction,N,Not at Intersection,Turnpike/Toll,Paved,Wet,None,,,None,,,N,N,,,,,"0","0","0","0","0","0","0","0","0","0","0","0",$0,$0,"0","0","0","10000","Mapped, On Network",-81.3841011312368,28.4440920223803,655692.609090432,495827.112981685,2/13/2020 3:25:52 PM,,,,,,,,14.000000000000000,17.000000000000000,,
"88168124",FHPK20OFF008953,FHP,Long,02:20:20,04:43 PM,Orlando,Orange,STATE ROAD 528 (BEACHLINE EXPRESSWAY),MM7,"0",,Sideswipe,"4","0","0","0",N,N,N,"$31,500",Cloudy,Daylight,,Same Direction Sideswipe,E,Property Damage Only,N,"Sideswipe, Same Direction",Motor Vehicle in Transport,On Roadway,Non-Junction,N,Not at Intersection,Turnpike/Toll,Paved,Dry,None,,,None,,,N,N,,,,,"0","0","1","0","0","0","0","0","0","0","0","0",$0,$0,"0","3","0","31500","Mapped, On Network",-81.3744873905839,28.4457557239534,656628.234649447,496031.806693535,3/5/2020 5:34:28 PM,,,,,,,,14.000000000000000,17.000000000000000,,
"88307064",FHPD20OFF027112,FHP,Long,04:10:20,01:15 AM,Orlando Expwy Auth,Orange,STATE ROAD 528 (BEACHLINE EXPRESSWAY),MILE MARKER 6.5,"264",West,Off Road,"1","0","0","1",N,Y,N,"$3,000",Clear,Dark - Lighted,,Off Road,E,Injury,N,Other,Concrete Traffic Barrier,Shoulder,Non-Junction,N,Not at Intersection,Turnpike/Toll,Paved,Dry,None,,,None,,,N,Y,Lane Closure,Activity Area,Y,Y,"0","0","0","0","0","0","0","1","0","0","0","0",$0,$0,"0","0","1000","2000","Mapped, On Network",-81.3655721613778,28.4459089427898,657499.149412491,496067.403629752,5/21/2020 12:04:01 PM,,,,,,,,14.000000000000000,17.000000000000000,,
"89820407",2020-00041918,Orlando PD,Long,02:04:20,08:15 AM,Orlando,Orange,S.R. 528 / BEE LINE EXPRESSWAY (WEST),S.R. 436 / S. SEMORAN BOULEVARD,"0",,Rear End,"2","0","0","0",N,N,N,"$1,700",Clear,Daylight,,Rear End,W,Property Damage Only,Y,Front to Rear,Motor Vehicle in Transport,On Roadway,Non-Junction,N,Not at Intersection,State,Paved,Dry,None,,,None,,,N,N,,,,,"0","0","0","0","0","0","0","0","0","0","0","0",$0,$0,"0","0","0","1700","Mapped, On Network",-81.3086811007703,28.4515455983552,663045.366764903,496813.321280859,2/18/2020 11:38:06 AM,,,,,,,,14.000000000000000,17.000000000000000,,
"88298162",FHPD20OFF014720,FHP,Short,02:19:20,02:02 PM,Orlando,Orange,ORANGE AVE,JET PORT DR,"0",,Sideswipe,"2","0","0","0",N,Y,N,$300,Clear,Daylight,,Same Direction Sideswipe,N,Property Damage Only,N,"Sideswipe, Same Direction",Motor Vehicle in Transport,On Roadway,Non-Junction,N,Not at Intersection,County,Unpaved,Dry,None,,,None,,,N,N,,,,,"0","0","0","0","0","0","0","0","0","0","0","0",$0,$0,"0","2","0","300","Mapped, On Network",-81.3650900613706,28.4455899780422,657547.021400001,496032.9954,2/27/2020 4:25:43 PM,,,,,,,,14.000000000000000,17.000000000000000,,
"89824019",2020-00127772,Orlando PD,Long,04:18:20,10:01 AM,Orlando,Orange,SR 528 WBO,SR 436 ENTRANCE RAMP (S SEMORAN BV),"500",West,Off Road,"1","0","0","0",N,N,N,"$9,000",Cloudy,Daylight,,Off Road,W,Property Damage Only,Y,Other,Utility Pole/Light Support,On Roadway,Non-Junction,N,Not at Intersection,State,Paved,Dry,None,,,None,,,N,N,,,,,"0","0","0","0","0","0","0","0","0","0","0","0",$0,$0,"0","0","1000","8000","Mapped, On Network",-81.315672869471,28.4516556115036,662361.844200674,496810.641097175,7/20/2020 2:14:10 PM,,,,,,,,14.000000000000000,17.000000000000000,,
"87245663",FHPK20OFF006513,FHP,Long,02:07:20,05:13 PM,Orlando,Orange,SR-528-TOLL,SR 91 (FLORIDA TURNPIKE),"0",,Rear End,"2","0","0","1",N,N,N,$2,Cloudy,Daylight,,Rear End,S,Injury,N,Front to Rear,Motor Vehicle in Transport,On Roadway,Non-Junction,N,Not at Intersection,Turnpike/Toll,Paved,Dry,None,,,None,,,N,N,,,,,"0","0","0","0","0","0","0","1","0","0","0","0",$0,$0,"0","0","0","2","Mapped, On Network",-81.4058668097798,28.4339570889637,653589.101065967,494656.86812799,2/13/2020 2:17:01 PM,,,,,,,,14.000000000000000,17.000000000000000,,
"88273693",FHPK20OFF010194,FHP,Long,02:27:20,07:51 AM,Orlando,Orange,STATE ROAD 528,ORANGE BLOSSOM TRAIL,"4224",East,Off Road,"2","0","0","0",N,N,N,"$20,700",Clear,Daylight,,Off Road,W,Property Damage Only,N,Other,Concrete Traffic Barrier,Shoulder,Non-Junction,N,Not at Intersection,Turnpike/Toll,Paved,Dry,None,,,None,,,N,N,,,,,"0","0","0","0","0","0","0","0","0","0","0","0",$0,$0,"0","0","0","20700","Mapped, On Network",-81.3947303974575,28.4414675105118,654659.957390896,495513.713890037,3/26/2020 3:24:43 PM,,,,,,,,14.000000000000000,17.000000000000000,,
"88231828",FHPK20OFF012635,FHP,Long,03:11:20,09:53 PM,Orlando,Orange,STATE ROAD 528 (BEACHLINE EXPRESSWAY),BOGGY CREEK ROAD,"2640",West,Rear End,"3","0","0","4",N,N,N,"$25,500",Clear,Dark - Lighted,,Rear End,E,Injury,N,Front to Rear,Motor Vehicle in Transport,On Roadway,Non-Junction,N,Not at Intersection,Interstate,Paved,Dry,None,,,None,,,N,N,,,,,"0","0","4","0","0","0","0","4","0","0","0","0",$2,$0,"0","1","0","25500","Mapped, On Network",-81.3669988823186,28.4459137610385,657359.70597301,496064.960203869,3/18/2020 1:58:25 PM,,,,,,,,14.000000000000000,17.000000000000000,,
"89822428",2020-00125897,Orlando PD,Short,04:16:20,11:43 AM,Orlando,Orange,CARGO RD,CARGO SLIP RD,"0",,Rear End,"2","0","0","0",N,N,N,"$1,000",Rain,Daylight,,Rear End,W,Property Damage Only,Y,Front to Rear,Motor Vehicle in Transport,On Roadway,Non-Junction,N,T-Intersection,State,Paved,Wet,None,,,None,,,N,N,,,,,"0","0","0","0","0","0","0","0","0","0","0","0",$0,$0,"0","2","0","1000","Mapped, On Network",-81.3089676000339,28.4428623958513,663038.411567932,495848.613850281,6/25/2020 9:20:30 PM,,,,,,,,17.000000000000000,18.000000000000000,,
"89823213",2020-00087232,Orlando PD,Short,03:09:20,04:53 PM,Orlando,Orange,CARGO RD,CARGO SLIP RD,"0",,Rear End,"2","0","0","0",N,N,N,"$3,000",Clear,Daylight,,Rear End,W,Property Damage Only,Y,Front to Rear,Motor Vehicle in Transport,On Roadway,Non-Junction,N,Other,Local,Paved,Dry,None,,,None,,,N,N,,,,,"0","0","0","0","0","0","0","0","0","0","0","0",$0,$0,"0","0","0","3000","Mapped, On Network",-81.3089961762708,28.4428753825194,663035.587319642,495849.994806062,3/26/2020 7:21:34 PM,,,,,,,,17.000000000000000,18.000000000000000,,
"89823033",2020-00117047,Orlando PD,Short,04:07:20,06:57 AM,Orlando,Orange,417 SBO EXIT RAMP,BOGGY CREEK RD,"10",North,Rear End,"2","0","0","0",N,N,N,"$1,500",Clear,Daylight,,Rear End,S,Property Damage Only,Y,Front to Rear,Motor Vehicle in Transport,On Roadway,Non-Junction,N,Not at Intersection,State,Paved,Dry,None,,,None,,,N,N,,,,,"0","0","0","0","0","0","0","0","0","0","0","0",$0,$0,"0","0","0","1500","Mapped, On Network",-81.3093399116074,28.3702428478671,663177.983080896,487784.855268497,6/23/2020 11:20:54 AM,,,,,,,,17.000000000000000,18.000000000000000,,
"89821647",2020-00092092,Orlando PD,Short,03:13:20,05:42 AM,Orlando,Orange,HEINTZELMAN BV,SOUTH ACCESS RD,"0",,Rear End,"2","0","0","0",N,N,N,"$3,000",Clear,Dark - Lighted,,Rear End,N,Property Damage Only,Y,Front to Rear,Motor Vehicle in Transport,On Roadway,Intersection,N,T-Intersection,Local,Curb,Dry,None,,,None,,,N,N,,,,,"0","0","0","0","0","0","0","0","0","0","0","0",$0,$0,"0","0","0","3000","Mapped, On Network",-81.3091687838813,28.3969947217972,663129.894515853,490755.489130175,3/26/2020 8:13:02 PM,,,,,,,,17.000000000000000,18.000000000000000,,
"89822008",2020-00070320,Orlando PD,Long,02:25:20,06:44 PM,Orlando,Orange,S ACCESS RD W OF BOGGY CREEK,BOGGY CREEK RD EXIT,"0",West,Rear End,"2","0","0","1",N,N,N,"$4,000",Clear,Dark - Lighted,,Rear End,S,Injury,Y,Front to Rear,Motor Vehicle in Transport,On Roadway,Through Roadway,N,Not at Intersection,Local,Unpaved,Dry,None,None,None,None,None,None,N,N,,,,,"0","0","0","0","0","0","0","0","1","0","0","0",$0,$0,"0","1","0","4000","Mapped, On Network",-81.3093909131387,28.3774980599628,663155.416199232,488590.295046473,3/15/2020 7:47:23 PM,,,,,,,,17.000000000000000,18.000000000000000,,
"89822695",2020-00113938,Orlando PD,Long,04:03:20,05:25 PM,Orlando,Orange,HEINTZELMAN BV,JEFF FUQUA BLVD S,"60",East,Rear End,"2","0","0","0",N,N,N,"$1,250",Clear,Daylight,,Rear End,W,Property Damage Only,Y,Front to Rear,Motor Vehicle in Transport,On Roadway,Non-Junction,N,Four-Way Intersection,Local,Curb,Dry,None,,,Glare,,,N,N,,,,,"0","0","0","0","0","0","0","0","0","0","0","0",$0,$0,"0","0","0","1250","Mapped, On Network",-81.3088570561552,28.3971500254611,663159.996409316,490773.397742301,6/4/2020 5:02:20 PM,,,,,,,,17.000000000000000,18.000000000000000,,
"87278312",FHPD20OFF016645,FHP,Long,02:25:20,06:08 PM,Orlando,Orange,BOGGY CREEK RD SB,J LAWSON BLVD,"250",South,Rear End,"3","0","0","2",N,N,N,"$21,800",Clear,Dusk,,Rear End,S,Injury,N,Front to Rear,Motor Vehicle in Transport,On Roadway,Non-Junction,N,Not at Intersection,County,Paved,Dry,None,,,None,,,N,N,,,,,"0","0","1","0","0","0","0","2","0","0","0","0",$0,$0,"0","1","0","21800","Mapped, On Network",-81.3094508750062,28.3745488759779,663156.69816181,488262.718217749,3/10/2020 5:30:09 PM,,,,,,,,17.000000000000000,18.000000000000000,,
"88293004",FHPD20OFF011893,FHP,Long,02:10:20,04:58 PM,Orlando,Orange,STATE ROAD 417 (GREENEWAY EXPY) RAMP,BOGGY CREEK ROAD,"0",,Left Turn,"2","0","0","1",N,N,N,"$6,000",Clear,Daylight,,Left Entering,E,Injury,N,"Sideswipe, Same Direction",Motor Vehicle in Transport,On Roadway,Intersection,N,Four-Way Intersection,State,Unpaved,Dry,None,,,None,,,N,N,,,,,"0","0","0","0","0","0","0","1","0","0","0","0",$0,$0,"0","0","0","6000","Mapped, On Network",-81.3094966375643,28.3699435339143,663163.381083328,487751.287861517,2/13/2020 3:48:41 PM,,,,,,,,17.000000000000000,18.000000000000000,,
"89821305",2020-00041211,Orlando PD,Short,02:03:20,05:48 PM,Orlando,Orange,HEINTZELMAN BV,JEFF FUQUA BLVD,"25",East,Sideswipe,"2","0","0","0",N,N,N,"$4,000",Clear,Dusk,,Same Direction Sideswipe,W,Property Damage Only,Y,"Sideswipe, Same Direction",Motor Vehicle in Transport,On Roadway,Non-Junction,N,Not at Intersection,County,Unpaved,Dry,None,,,None,,,N,N,,,,,"0","0","0","0","0","0","0","0","0","0","0","0",$0,$0,"0","0","0","4000","Mapped, On Network",-81.3088572814306,28.397148226445,663159.978743525,490773.197516335,3/2/2020 3:30:40 PM,,,,,,,,17.000000000000000,18.000000000000000,,
"89821664",2020-00067229,Orlando PD,Short,02:23:20,12:50 PM,Orlando,Orange,BOGGY CREEK RD,SR417,"0",,Sideswipe,"2","0","0","0",N,N,N,$400,Clear,Daylight,,Same Direction Sideswipe,N,Property Damage Only,Y,Angle,Motor Vehicle in Transport,On Roadway,Non-Junction,N,Not at Intersection,Local,Paved,Dry,None,,,None,,,N,N,,,,,"0","0","0","0","0","0","0","0","0","0","0","0",$0,$0,"0","0","0","400","Mapped, On Network",-81.3094080069124,28.369307484414,663173.589960824,487680.856213989,3/6/2020 11:14:37 AM,,,,,,,,17.000000000000000,18.000000000000000,,
"88308129",FHPD20OFF022307,FHP,Long,03:14:20,06:00 AM,Orlando,Orange,ACCESS ROAD,BOGGY CREEK ROAD,"300",South,Sideswipe,"2","0","0","0",N,N,N,$400,Clear,Dark - Lighted,,Same Direction Sideswipe,S,Property Damage Only,N,"Sideswipe, Same Direction",Motor Vehicle in Transport,On Roadway,Non-Junction,N,Not at Intersection,Local,Curb,Dry,None,,,None,,,N,N,,,,,"0","0","0","0","0","0","0","0","0","0","0","0",$0,$0,"0","0","0","400","Mapped, On Network",-81.3093028704078,28.3780067675893,663162.79324365,488646.964906067,6/12/2020 5:44:40 PM,,,,,,,,17.000000000000000,18.000000000000000,,
"89820407",2020-00041918,Orlando PD,Long,02:04:20,08:15 AM,Orlando,Orange,S.R. 528 / BEE LINE EXPRESSWAY (WEST),S.R. 436 / S. SEMORAN BOULEVARD,"0",,Rear End,"2","0","0","0",N,N,N,"$1,700",Clear,Daylight,,Rear End,W,Property Damage Only,Y,Front to Rear,Motor Vehicle in Transport,On Roadway,Non-Junction,N,Not at Intersection,State,Paved,Dry,None,,,None,,,N,N,,,,,"0","0","0","0","0","0","0","0","0","0","0","0",$0,$0,"0","0","0","1700","Mapped, On Network",-81.3086811007703,28.4515455983552,663045.366764903,496813.321280859,2/18/2020 11:38:06 AM,,,,,,,,17.000000000000000,18.000000000000000,,